pregunta;dominio;formulacion;control;campos;modo;recorridos;nodos;opcion;etiqueta;glosas;acepcionNucleo;estado;salida;editor;frase;fraseSinValor;sinSena;rutas
I.PREG.CUANDO;intervencion_propia;¿Qué quiere saber cuándo?;seleccion_unica;interrogativa|consulta;frase;preguntas#4;;volver;Cuándo vuelvo;CUÁNDO|VOLVER;interrogativa;afirmado;False;;¿Cuándo debo volver?;;False;recorrido
I.PREG.CUANDO;intervencion_propia;¿Qué quiere saber cuándo?;seleccion_unica;interrogativa|consulta;frase;preguntas#4;;avisar;Cuándo me avisan;CUÁNDO|AVISAR;interrogativa;afirmado;False;;¿Cuándo me van a avisar?;;False;recorrido
I.PREG.CUANDO;intervencion_propia;¿Qué quiere saber cuándo?;seleccion_unica;interrogativa|consulta;frase;preguntas#4;;esperar;Cuánto tiempo espero;ESPERAR|CUÁNTOS;consulta;afirmado;False;;¿Cuánto tiempo debo esperar?;;False;recorrido
I.PREG.CUANTO;intervencion_propia;¿Qué quiere saber cuánto?;seleccion_unica;consulta;frase;preguntas#5;;dias;Cuántos días espero;ESPERAR|DÍA|CUÁNTOS;consulta;afirmado;False;;¿Cuántos días debo esperar?;;False;recorrido
I.PREG.CUANTO;intervencion_propia;¿Qué quiere saber cuánto?;seleccion_unica;consulta;frase;preguntas#5;;horas;Cuántas horas espero;ESPERAR|HORA|CUÁNTOS;consulta;afirmado;False;;¿Cuántas horas debo esperar?;;False;recorrido
I.PREG.DONDE_QUEDA;intervencion_propia;¿Dónde queda…?;seleccion_unica;institucion;frase;seguimiento#3|preguntas#2;;fiscalia;La Fiscalía;FISCALIA|DÓNDE;institucion;afirmado;False;;¿Dónde está la Fiscalía?;;False;recorrido
I.PREG.DONDE_QUEDA;intervencion_propia;¿Dónde queda…?;seleccion_unica;institucion;frase;seguimiento#3|preguntas#2;;felcc;La FELCC;FELCC|DÓNDE;institucion;afirmado;False;;¿Dónde está la FELCC?;;False;recorrido
I.PREG.DONDE_QUEDA;intervencion_propia;¿Dónde queda…?;seleccion_unica;institucion;frase;seguimiento#3|preguntas#2;;felcv;La FELCV;FELCV|DÓNDE;institucion;afirmado;False;;¿Dónde está la FELCV?;;False;recorrido
I.PREG.DONDE_QUEDA;intervencion_propia;¿Dónde queda…?;seleccion_unica;institucion;frase;seguimiento#3|preguntas#2;;juzgado;El juzgado;JUZGADO|DÓNDE;institucion;afirmado;False;;¿Dónde está el juzgado?;;False;recorrido
I.PREG.DONDE_QUEDA;intervencion_propia;¿Dónde queda…?;seleccion_unica;institucion;frase;seguimiento#3|preguntas#2;;organo;El Órgano Judicial;ÓRGANO_JUDICIAL|DÓNDE;institucion;afirmado;False;;¿Dónde está el Órgano Judicial?;;False;recorrido
I.PREG.DONDE_QUEDA;intervencion_propia;¿Dónde queda…?;seleccion_unica;institucion;frase;seguimiento#3|preguntas#2;;sepdavi;SEPDAVI;SEPDAVI|DÓNDE;institucion;afirmado;False;;¿Dónde está SEPDAVI?;;False;recorrido
I.PREG.DONDE_QUEDA;intervencion_propia;¿Dónde queda…?;seleccion_unica;institucion;frase;seguimiento#3|preguntas#2;;sepdep;SEPDEP;SEPDEP|DÓNDE;institucion;afirmado;False;;¿Dónde está SEPDEP?;;False;recorrido
I.PREG.DONDE_QUEDA;intervencion_propia;¿Dónde queda…?;seleccion_unica;institucion;frase;seguimiento#3|preguntas#2;;policia;La Policía;POLICÍA|DÓNDE;institucion|persona;afirmado;False;;¿Dónde está la Policía?;;False;recorrido
I.PREG.DONDE_QUEDA;intervencion_propia;¿Dónde queda…?;seleccion_unica;institucion;frase;seguimiento#3|preguntas#2;;oficina;La oficina;OFICINA|DÓNDE;institucion;afirmado;False;;¿Dónde está la oficina?;;False;recorrido
I.PREG.ELEGIR;intervencion_propia;¿Qué quieres preguntar?;seleccion_unica;interrogativa;frase;preguntas#1;;donde;¿Dónde…?;DÓNDE;interrogativa;afirmado;False;;;;False;recorrido
I.PREG.ELEGIR;intervencion_propia;¿Qué quieres preguntar?;seleccion_unica;interrogativa;frase;preguntas#1;;hablar;¿Con quién puedo hablar?;QUIÉN;interrogativa;afirmado;False;;;;False;recorrido
I.PREG.ELEGIR;intervencion_propia;¿Qué quieres preguntar?;seleccion_unica;interrogativa;frase;preguntas#1;;cuando;¿Cuándo…?;CUÁNDO;interrogativa;afirmado;False;;;;False;recorrido
I.PREG.ELEGIR;intervencion_propia;¿Qué quieres preguntar?;seleccion_unica;interrogativa;frase;preguntas#1;;cuanto;¿Cuánto tiempo…?;CUÁNTOS;interrogativa;afirmado;False;;;;False;recorrido
I.PREG.ELEGIR;intervencion_propia;¿Qué quieres preguntar?;seleccion_unica;interrogativa;frase;preguntas#1;;tema;Otra pregunta;QUÉ;interrogativa;afirmado;False;;;;False;recorrido
I.PREG.HABLAR_CON;intervencion_propia;¿Con quién quiere hablar?;seleccion_unica;servicio|persona|institucion;frase;seguimiento#2|preguntas#3;;juez;Con el juez;JUEZ;persona|servicio;afirmado;False;;¿Puedo hablar con el juez?;;False;recorrido
I.PREG.HABLAR_CON;intervencion_propia;¿Con quién quiere hablar?;seleccion_unica;servicio|persona|institucion;frase;seguimiento#2|preguntas#3;;abogado;Con un abogado;ABOGADO;persona|servicio;afirmado;False;;¿Puedo hablar con un abogado?;;False;recorrido
I.PREG.HABLAR_CON;intervencion_propia;¿Con quién quiere hablar?;seleccion_unica;servicio|persona|institucion;frase;seguimiento#2|preguntas#3;;interprete;Con un intérprete;INTÉRPRETE;persona|servicio;afirmado;False;;¿Aquí hay intérprete de LSB?;;False;recorrido
I.PREG.HABLAR_CON;intervencion_propia;¿Con quién quiere hablar?;seleccion_unica;servicio|persona|institucion;frase;seguimiento#2|preguntas#3;;policia;Con el policía encargado;POLICÍA|HABLAR|PUEDO;institucion|persona;afirmado;False;;¿Puedo hablar con el policía encargado?;;False;recorrido
I.PREG.HABLAR_CON;intervencion_propia;¿Con quién quiere hablar?;seleccion_unica;servicio|persona|institucion;frase;seguimiento#2|preguntas#3;;oficial;Con un oficial;OFICIAL;persona|servicio;afirmado;False;;¿Puedo hablar con un oficial?;;False;recorrido
I.PREG.HABLAR_CON;intervencion_propia;¿Con quién quiere hablar?;seleccion_unica;servicio|persona|institucion;frase;seguimiento#2|preguntas#3;;autoridad;Con la autoridad;AUTORIDAD;institucion;afirmado;False;;¿Puedo hablar con la autoridad?;;False;recorrido
I.PREG.HABLAR_CON;intervencion_propia;¿Con quién quiere hablar?;seleccion_unica;servicio|persona|institucion;frase;seguimiento#2|preguntas#3;;asistente;Con el asistente;ASISTENTE;persona|servicio;afirmado;False;;¿Puedo hablar con el asistente?;;False;recorrido
I.PREG.SOBRE_TEMA;intervencion_propia;¿Sobre qué quiere preguntar?;seleccion_unica;documento|consulta|objeto|evidencia;frase;preguntas#6;;traer_factura;¿Debo traer la factura?;FACTURA|TRAER|NECESITAR;documento|evidencia;afirmado;False;;¿Debo traer la factura del celular?;;False;recorrido
I.PREG.SOBRE_TEMA;intervencion_propia;¿Sobre qué quiere preguntar?;seleccion_unica;documento|consulta|objeto|evidencia;frase;preguntas#6;;fotocopia;¿Necesito fotocopias?;FOTOCOPIA|NECESITAR;documento;afirmado;False;;¿Necesito fotocopias?;;False;recorrido
I.PREG.SOBRE_TEMA;intervencion_propia;¿Sobre qué quiere preguntar?;seleccion_unica;documento|consulta|objeto|evidencia;frase;preguntas#6;;certificado;¿Necesito un certificado?;CERTIFICADO|NECESITAR;documento|evidencia;afirmado;False;;¿Necesito un certificado?;;False;recorrido
I.PREG.SOBRE_TEMA;intervencion_propia;¿Sobre qué quiere preguntar?;seleccion_unica;documento|consulta|objeto|evidencia;frase;preguntas#6;;buscar_celular;¿Pueden buscar mi celular?;CELULAR|BUSCAR|PUEDO;medio|objeto;afirmado;False;;¿Pueden buscar mi celular?;;False;recorrido
I.PREG.SOBRE_TEMA;intervencion_propia;¿Sobre qué quiere preguntar?;seleccion_unica;documento|consulta|objeto|evidencia;frase;preguntas#6;;fotos;¿Dónde entrego las fotos?;FOTOS|DÓNDE|DAR;evidencia|objeto;afirmado;False;;¿Dónde entrego las fotografías?;;False;recorrido
I.PREG.SOBRE_TEMA;intervencion_propia;¿Sobre qué quiere preguntar?;seleccion_unica;documento|consulta|objeto|evidencia;frase;preguntas#6;;video;¿Puedo traer el video mañana?;VIDEO|MAÑANA|TRAER|PUEDO;evidencia;afirmado;False;;¿Puedo traer el video mañana?;;False;recorrido
I.PREG.SOBRE_TEMA;intervencion_propia;¿Sobre qué quiere preguntar?;seleccion_unica;documento|consulta|objeto|evidencia;frase;preguntas#6;;sello;¿Me entregan un documento sellado?;PAPEL|SELLO|RECIBIR;documento;afirmado;False;;¿Me entregan un documento sellado?;;False;recorrido
I.PREG.SOBRE_TEMA;intervencion_propia;¿Sobre qué quiere preguntar?;seleccion_unica;documento|consulta|objeto|evidencia;frase;preguntas#6;;investigacion;¿La investigación continúa?;INVESTIGACIÓN|CONTINUAR;consulta;afirmado;False;;¿La investigación continúa?;;False;recorrido
Q.ACC.COMPRENSION;acceso;¿Comprende lo que le estoy explicando?;alternativa;polaridad|consulta|modificador;frase;;n-s6-acceso_comunicativ-05;si;Sí, comprendo;SÍ;polaridad;afirmado;False;;Sí, comprendo.;;False;respuesta al funcionario
Q.ACC.COMPRENSION;acceso;¿Comprende lo que le estoy explicando?;alternativa;polaridad|consulta|modificador;frase;;n-s6-acceso_comunicativ-05;no;No comprendo;NO|COMPRENDER;polaridad;afirmado;False;;No comprendo.;;False;respuesta al funcionario
Q.ACC.COMPRENSION;acceso;¿Comprende lo que le estoy explicando?;alternativa;polaridad|consulta|modificador;frase;;n-s6-acceso_comunicativ-05;despacio;Explíqueme despacio;LENTO|EXPLICAR|POR_FAVOR;modificador;afirmado;False;;No comprendo. Explíqueme despacio, por favor.;;False;respuesta al funcionario
Q.ACC.ESCRITO;acceso;¿Prefiere que le escriba en papel?;polar3;polaridad;frase;;n-s6-acceso_comunicativ-03;si;Sí;SÍ;polaridad;afirmado;False;;Sí, prefiero que me escriba.;;False;respuesta al funcionario
Q.ACC.ESCRITO;acceso;¿Prefiere que le escriba en papel?;polar3;polaridad;frase;;n-s6-acceso_comunicativ-03;no;No;NO;polaridad;negado;False;;No quiero que me escriba en papel.;;False;respuesta al funcionario
Q.ACC.ESCRITO;acceso;¿Prefiere que le escriba en papel?;polar3;polaridad;frase;;n-s6-acceso_comunicativ-03;no_sabe;No sé;NO_SABER;polaridad;desconocido;False;;No sé qué prefiero.;;False;respuesta al funcionario
Q.ACC.INTERPRETE;acceso;¿Necesita un intérprete de LSB?;polar3;polaridad;frase;identificacion#9;n-s6-acceso_comunicativ-02;si;Sí;SÍ;polaridad;afirmado;False;;Sí, necesito un intérprete de LSB.;;False;recorrido|respuesta al funcionario
Q.ACC.INTERPRETE;acceso;¿Necesita un intérprete de LSB?;polar3;polaridad;frase;identificacion#9;n-s6-acceso_comunicativ-02;no;No;NO;polaridad;negado;False;;No necesito intérprete.;;False;recorrido|respuesta al funcionario
Q.ACC.INTERPRETE;acceso;¿Necesita un intérprete de LSB?;polar3;polaridad;frase;identificacion#9;n-s6-acceso_comunicativ-02;no_sabe;No sé;NO_SABER;polaridad;desconocido;False;;No sé si necesito intérprete.;;False;recorrido|respuesta al funcionario
Q.ACC.LECTURA;acceso;¿Puede leer este texto?;alternativa;polaridad|consulta;frase;identificacion#10;n-s6-acceso_comunicativ-04;si;Sí, puedo leerlo;SÍ;polaridad;afirmado;False;;Sí, puedo leerlo.;;False;recorrido|respuesta al funcionario
Q.ACC.LECTURA;acceso;¿Puede leer este texto?;alternativa;polaridad|consulta;frase;identificacion#10;n-s6-acceso_comunicativ-04;poco;Leo poco;LEER|POCO;consulta;afirmado;False;;Leo poco.;;False;recorrido|respuesta al funcionario
Q.ACC.LECTURA;acceso;¿Puede leer este texto?;alternativa;polaridad|consulta;frase;identificacion#10;n-s6-acceso_comunicativ-04;no;No puedo leerlo;NO;polaridad;afirmado;False;;No puedo leerlo.;;False;recorrido|respuesta al funcionario
Q.ACC.REPARACION;acceso;¿Quiere que lo explique otra vez y más despacio?;polar2;polaridad;frase;;n-s6-acceso_comunicativ-06;si;Sí;SÍ;polaridad;afirmado;False;;Sí, explíquelo otra vez más despacio, por favor.;;False;respuesta al funcionario
Q.ACC.REPARACION;acceso;¿Quiere que lo explique otra vez y más despacio?;polar2;polaridad;frase;;n-s6-acceso_comunicativ-06;no;No;NO;polaridad;negado;False;;No hace falta, entendí.;;False;respuesta al funcionario
Q.ACC.SORDO;acceso;¿Usted es una persona sorda?;polar2;polaridad;frase;;n-s6-acceso_comunicativ-01;si;Sí;SÍ;polaridad;afirmado;False;;Sí, soy una persona sorda.;;False;respuesta al funcionario
Q.ACC.SORDO;acceso;¿Usted es una persona sorda?;polar2;polaridad;frase;;n-s6-acceso_comunicativ-01;no;No;NO;polaridad;negado;False;;No soy una persona sorda.;;False;respuesta al funcionario
Q.APO.TIPO;apoyo;¿Qué apoyo necesita?;seleccion_unica;servicio|institucion;frase;violencia#19;;abogado;Un abogado;ABOGADO;persona|servicio;afirmado;False;;Necesito un abogado.;;False;recorrido
Q.APO.TIPO;apoyo;¿Qué apoyo necesita?;seleccion_unica;servicio|institucion;frase;violencia#19;;abogado_gratis;Un abogado gratuito;ABOGADO|GRATIS;persona|servicio;afirmado;False;;Necesito un abogado gratuito.;;False;recorrido
Q.APO.TIPO;apoyo;¿Qué apoyo necesita?;seleccion_unica;servicio|institucion;frase;violencia#19;;sepdavi;Asistencia a la víctima (SEPDAVI);ASISTENCIA|SEPDAVI;servicio;afirmado;False;;Quiero asistencia de SEPDAVI.;;False;recorrido
Q.APO.TIPO;apoyo;¿Qué apoyo necesita?;seleccion_unica;servicio|institucion;frase;violencia#19;;felcv;FELCV;FELCV;institucion;afirmado;False;;Quiero acudir a la FELCV.;;False;recorrido
Q.APO.TIPO;apoyo;¿Qué apoyo necesita?;seleccion_unica;servicio|institucion;frase;violencia#19;;no_sabe;No sé;NO_SABER;polaridad;desconocido;True;;No sé qué apoyo necesito.;;False;recorrido
Q.DAN.QUE;robo;¿Qué dañaron?;seleccion_multiple;objeto|lugar;fragmento;denuncia_robo#6;;puerta;Una puerta;PUERTA;objeto;afirmado;False;;la puerta;;False;recorrido
Q.DAN.QUE;robo;¿Qué dañaron?;seleccion_multiple;objeto|lugar;fragmento;denuncia_robo#6;;celular;Celular;CELULAR;medio|objeto;afirmado;False;;el celular;;False;recorrido
Q.DAN.QUE;robo;¿Qué dañaron?;seleccion_multiple;objeto|lugar;fragmento;denuncia_robo#6;;casa;Mi casa;CASA;lugar|objeto;afirmado;False;;mi casa;;False;recorrido
Q.DAN.QUE;robo;¿Qué dañaron?;seleccion_multiple;objeto|lugar;fragmento;denuncia_robo#6;;tienda;Mi tienda;TIENDA;lugar|objeto;afirmado;False;;mi tienda;;False;recorrido
Q.DAN.QUE;robo;¿Qué dañaron?;seleccion_multiple;objeto|lugar;fragmento;denuncia_robo#6;;otro;Otra cosa (escribir);;;afirmado;False;texto_detalle;«{texto}»;;False;recorrido
Q.DAN.QUE;robo;¿Qué dañaron?;seleccion_multiple;objeto|lugar;fragmento;denuncia_robo#6;;no_sabe;No sé;NO_SABER;polaridad;desconocido;True;;algo mío;;False;recorrido
Q.DEN.AUTORIDAD;denuncia;¿Ante qué institución quiere presentarla?;seleccion_unica;institucion;frase;denuncia_robo#27|violencia#21|amenaza_digital#10|engano_dinero#10;;policia;Policía;POLICÍA;institucion|persona;afirmado;False;;Quiero presentarla ante la Policía.;;False;recorrido
Q.DEN.AUTORIDAD;denuncia;¿Ante qué institución quiere presentarla?;seleccion_unica;institucion;frase;denuncia_robo#27|violencia#21|amenaza_digital#10|engano_dinero#10;;felcc;FELCC;FELCC;institucion;afirmado;False;;Quiero presentarla ante la FELCC.;;False;recorrido
Q.DEN.AUTORIDAD;denuncia;¿Ante qué institución quiere presentarla?;seleccion_unica;institucion;frase;denuncia_robo#27|violencia#21|amenaza_digital#10|engano_dinero#10;;felcv;FELCV;FELCV;institucion;afirmado;False;;Quiero presentarla ante la FELCV.;;False;recorrido
Q.DEN.AUTORIDAD;denuncia;¿Ante qué institución quiere presentarla?;seleccion_unica;institucion;frase;denuncia_robo#27|violencia#21|amenaza_digital#10|engano_dinero#10;;fiscalia;Fiscalía;FISCALIA;institucion;afirmado;False;;Quiero presentarla ante la Fiscalía.;;False;recorrido
Q.DEN.AUTORIDAD;denuncia;¿Ante qué institución quiere presentarla?;seleccion_unica;institucion;frase;denuncia_robo#27|violencia#21|amenaza_digital#10|engano_dinero#10;;no_sabe;No sé;NO_SABER;polaridad;desconocido;True;;No sé ante qué institución presentarla.;;False;recorrido
Q.DEN.INTENCION;denuncia;¿Desea presentar una denuncia?;polar3;polaridad;frase;denuncia_robo#26|violencia#20|amenaza_digital#9|engano_dinero#9;n-s6-inicio_de_denuncia-01;si;Sí;SÍ;polaridad;afirmado;False;;Sí, quiero presentar una denuncia.;;False;recorrido|respuesta al funcionario
Q.DEN.INTENCION;denuncia;¿Desea presentar una denuncia?;polar3;polaridad;frase;denuncia_robo#26|violencia#20|amenaza_digital#9|engano_dinero#9;n-s6-inicio_de_denuncia-01;no;No;NO;polaridad;negado;False;;Por ahora no quiero presentar una denuncia.;;False;recorrido|respuesta al funcionario
Q.DEN.INTENCION;denuncia;¿Desea presentar una denuncia?;polar3;polaridad;frase;denuncia_robo#26|violencia#20|amenaza_digital#9|engano_dinero#9;n-s6-inicio_de_denuncia-01;no_sabe;No sé;NO_SABER;polaridad;desconocido;False;;Todavía no sé si quiero presentar una denuncia.;;False;recorrido|respuesta al funcionario
Q.DIG.CANAL;mensajes;¿Por dónde le llegaron los mensajes?;seleccion_multiple;medio;frase;amenaza_digital#2;;celular;Por celular;CELULAR;medio|objeto;afirmado;False;;por celular;;False;recorrido
Q.DIG.CANAL;mensajes;¿Por dónde le llegaron los mensajes?;seleccion_multiple;medio;frase;amenaza_digital#2;;internet;Por internet;INTERNET;medio;afirmado;False;;por internet;;False;recorrido
Q.DIG.CANAL;mensajes;¿Por dónde le llegaron los mensajes?;seleccion_multiple;medio;frase;amenaza_digital#2;;otro;Otra aplicación (escribir);;;afirmado;False;texto_detalle;por «{texto}»;;False;recorrido
Q.DIG.CANAL;mensajes;¿Por dónde le llegaron los mensajes?;seleccion_multiple;medio;frase;amenaza_digital#2;;no_sabe;No sé;NO_SABER;polaridad;desconocido;True;;No sé por dónde llegaron los mensajes.;;False;recorrido
Q.DIG.CANT_NUMEROS;mensajes;¿Son uno o varios números?;alternativa;cantidad;frase;;n-s6-amenazas_mensajes-07;uno;Un solo número;1;cantidad|compania;afirmado;False;;Es un solo número.;;False;respuesta al funcionario
Q.DIG.CANT_NUMEROS;mensajes;¿Son uno o varios números?;alternativa;cantidad;frase;;n-s6-amenazas_mensajes-07;varios;Varios números;;;afirmado;False;entero;Son {n} números.;Son varios números.;False;respuesta al funcionario
Q.DIG.CANT_NUMEROS;mensajes;¿Son uno o varios números?;alternativa;cantidad;frase;;n-s6-amenazas_mensajes-07;no_sabe;No sé;NO_SABER;polaridad;desconocido;True;;No sé cuántos números son.;;False;respuesta al funcionario
Q.DIG.CAPTURAS;mensajes;¿Tiene fotos de la pantalla?;polar3;polaridad;frase;amenaza_digital#8;n-s6-amenazas_mensajes-05;si;Sí;SÍ;polaridad;afirmado;False;;Sí, tengo fotos de la pantalla.;;False;recorrido|respuesta al funcionario
Q.DIG.CAPTURAS;mensajes;¿Tiene fotos de la pantalla?;polar3;polaridad;frase;amenaza_digital#8;n-s6-amenazas_mensajes-05;no;No;NO;polaridad;negado;False;;No tengo fotos de la pantalla.;;False;recorrido|respuesta al funcionario
Q.DIG.CAPTURAS;mensajes;¿Tiene fotos de la pantalla?;polar3;polaridad;frase;amenaza_digital#8;n-s6-amenazas_mensajes-05;no_sabe;No sé;NO_SABER;polaridad;desconocido;False;;No sé si tengo fotos de la pantalla.;;False;recorrido|respuesta al funcionario
Q.DIG.CONTENIDO;mensajes;¿Qué decían los mensajes?;seleccion_unica;hecho;frase;amenaza_digital#1;;amenazas;Me amenazaban;AMENAZAR;hecho;afirmado;False;;Recibí mensajes con amenazas.;;False;recorrido
Q.DIG.CONTENIDO;mensajes;¿Qué decían los mensajes?;seleccion_unica;hecho;frase;amenaza_digital#1;;otro;Otra cosa (escribir un resumen);;;afirmado;False;texto_detalle;Recibí mensajes que decían: «{texto}».;;False;recorrido
Q.DIG.CONTINUA;mensajes;¿Sigue recibiendo mensajes?;polar3;polaridad;frase;amenaza_digital#6;n-s6-amenazas_mensajes-06;si;Sí;SÍ;polaridad;afirmado;False;;Sí, sigo recibiendo mensajes.;;False;recorrido|respuesta al funcionario
Q.DIG.CONTINUA;mensajes;¿Sigue recibiendo mensajes?;polar3;polaridad;frase;amenaza_digital#6;n-s6-amenazas_mensajes-06;no;No;NO;polaridad;negado;False;;Ya no recibo mensajes.;;False;recorrido|respuesta al funcionario
Q.DIG.CONTINUA;mensajes;¿Sigue recibiendo mensajes?;polar3;polaridad;frase;amenaza_digital#6;n-s6-amenazas_mensajes-06;no_sabe;No sé;NO_SABER;polaridad;desconocido;False;;No lo sé.;;False;recorrido|respuesta al funcionario
Q.DIG.GUARDO;mensajes;¿Guardó los mensajes?;polar3;polaridad;frase;amenaza_digital#7;n-s6-amenazas_mensajes-04;si;Sí;SÍ;polaridad;afirmado;False;;Sí, guardé los mensajes.;;False;recorrido|respuesta al funcionario
Q.DIG.GUARDO;mensajes;¿Guardó los mensajes?;polar3;polaridad;frase;amenaza_digital#7;n-s6-amenazas_mensajes-04;no;No;NO;polaridad;negado;False;;No guardé los mensajes.;;False;recorrido|respuesta al funcionario
Q.DIG.GUARDO;mensajes;¿Guardó los mensajes?;polar3;polaridad;frase;amenaza_digital#7;n-s6-amenazas_mensajes-04;no_sabe;No sé;NO_SABER;polaridad;desconocido;False;;No sé si se guardaron.;;False;recorrido|respuesta al funcionario
Q.DIG.GUARDO;mensajes;¿Guardó los mensajes?;polar3;polaridad;frase;amenaza_digital#7;n-s6-amenazas_mensajes-04;todos;Sí, todos;SÍ|TOTAL;polaridad;afirmado;False;;Sí, guardé todos los mensajes.;;False;recorrido|respuesta al funcionario
Q.DIG.MOSTRAR;mensajes;¿Puede mostrar el celular ahora?;polar3;polaridad;frase;;n-s6-amenazas_mensajes-08;si;Sí;SÍ;polaridad;afirmado;False;;Sí, puedo mostrar el celular ahora.;;False;respuesta al funcionario
Q.DIG.MOSTRAR;mensajes;¿Puede mostrar el celular ahora?;polar3;polaridad;frase;;n-s6-amenazas_mensajes-08;no;No;NO;polaridad;negado;False;;No puedo mostrarlo ahora.;;False;respuesta al funcionario
Q.DIG.MOSTRAR;mensajes;¿Puede mostrar el celular ahora?;polar3;polaridad;frase;;n-s6-amenazas_mensajes-08;no_sabe;No sé;NO_SABER;polaridad;desconocido;False;;No lo sé.;;False;respuesta al funcionario
Q.DIG.NUMERO_CONOCE;mensajes;¿Conoce el número desde el que le escribieron?;polar3;polaridad;frase;;n-s6-amenazas_mensajes-03;si;Sí;SÍ;polaridad;afirmado;False;telefono;Sí, el número es {telefono}.;Sí, conozco el número.;False;respuesta al funcionario
Q.DIG.NUMERO_CONOCE;mensajes;¿Conoce el número desde el que le escribieron?;polar3;polaridad;frase;;n-s6-amenazas_mensajes-03;no;No;NO;polaridad;negado;False;;No conozco el número.;;False;respuesta al funcionario
Q.DIG.NUMERO_CONOCE;mensajes;¿Conoce el número desde el que le escribieron?;polar3;polaridad;frase;;n-s6-amenazas_mensajes-03;no_sabe;No sé;NO_SABER;polaridad;desconocido;False;;No estoy seguro del número.;;False;respuesta al funcionario
Q.DIG.POR_CELULAR;mensajes;¿Las amenazas llegaron por celular?;polar3;polaridad;frase;;n-s6-amenazas_mensajes-01;si;Sí;SÍ;polaridad;afirmado;False;;Sí, llegaron por celular.;;False;respuesta al funcionario
Q.DIG.POR_CELULAR;mensajes;¿Las amenazas llegaron por celular?;polar3;polaridad;frase;;n-s6-amenazas_mensajes-01;no;No;NO;polaridad;negado;False;;No llegaron por celular.;;False;respuesta al funcionario
Q.DIG.POR_CELULAR;mensajes;¿Las amenazas llegaron por celular?;polar3;polaridad;frase;;n-s6-amenazas_mensajes-01;no_sabe;No sé;NO_SABER;polaridad;desconocido;False;;No lo sé.;;False;respuesta al funcionario
Q.DIG.POR_INTERNET;mensajes;¿Le escribieron por internet?;polar3;polaridad;frase;;n-s6-amenazas_mensajes-02;si;Sí;SÍ;polaridad;afirmado;False;;Sí, me escribieron por internet.;;False;respuesta al funcionario
Q.DIG.POR_INTERNET;mensajes;¿Le escribieron por internet?;polar3;polaridad;frase;;n-s6-amenazas_mensajes-02;no;No;NO;polaridad;negado;False;;No me escribieron por internet.;;False;respuesta al funcionario
Q.DIG.POR_INTERNET;mensajes;¿Le escribieron por internet?;polar3;polaridad;frase;;n-s6-amenazas_mensajes-02;no_sabe;No sé;NO_SABER;polaridad;desconocido;False;;No lo sé.;;False;respuesta al funcionario
Q.DIG.REMITENTE;mensajes;¿Quién le envió los mensajes?;persona_identidad;persona;frase;amenaza_digital#3;;conoce;Sé quién es;CONOCER;hecho|persona;afirmado;False;;Sé quién me envía los mensajes.;;False;recorrido
Q.DIG.REMITENTE;mensajes;¿Quién le envió los mensajes?;persona_identidad;persona;frase;amenaza_digital#3;;solo_numero;Solo conozco el número;;;afirmado;False;telefono;"No conozco su nombre; el número que aparece es {telefono}.";;False;recorrido
Q.DIG.REMITENTE;mensajes;¿Quién le envió los mensajes?;persona_identidad;persona;frase;amenaza_digital#3;;hombre;Un hombre (no sé quién);HOMBRE;persona;afirmado;False;;"Me los envía un hombre; no sé quién es.";;False;recorrido
Q.DIG.REMITENTE;mensajes;¿Quién le envió los mensajes?;persona_identidad;persona;frase;amenaza_digital#3;;mujer;Una mujer (no sé quién);MUJER;persona;afirmado;False;;"Me los envía una mujer; no sé quién es.";;False;recorrido
Q.DIG.REMITENTE;mensajes;¿Quién le envió los mensajes?;persona_identidad;persona;frase;amenaza_digital#3;;no_sabe;No sé;NO_SABER;polaridad;desconocido;True;;No sé quién me envía los mensajes.;;False;recorrido
Q.DIN.CHAT;dinero;¿Conserva toda la conversación?;polar3;polaridad;frase;engano_dinero#7;n-s6-engaño_dinero_y_t-08;si;Sí;SÍ;polaridad;afirmado;False;;Sí, conservo toda la conversación.;;False;recorrido|respuesta al funcionario
Q.DIN.CHAT;dinero;¿Conserva toda la conversación?;polar3;polaridad;frase;engano_dinero#7;n-s6-engaño_dinero_y_t-08;no;No;NO;polaridad;negado;False;;No conservo la conversación.;;False;recorrido|respuesta al funcionario
Q.DIN.CHAT;dinero;¿Conserva toda la conversación?;polar3;polaridad;frase;engano_dinero#7;n-s6-engaño_dinero_y_t-08;no_sabe;No sé;NO_SABER;polaridad;desconocido;False;;No sé si la conservo.;;False;recorrido|respuesta al funcionario
Q.DIN.COMPROBANTE;dinero;¿Tiene algún comprobante?;polar3;polaridad;frase;engano_dinero#4;n-s6-engaño_dinero_y_t-04;si;Sí;SÍ;polaridad;afirmado;False;;Sí, tengo {Q.DIN.COMPROBANTE_TIPO|un comprobante}.;;False;recorrido|respuesta al funcionario
Q.DIN.COMPROBANTE;dinero;¿Tiene algún comprobante?;polar3;polaridad;frase;engano_dinero#4;n-s6-engaño_dinero_y_t-04;no;No;NO;polaridad;negado;False;;No tengo comprobante.;;False;recorrido|respuesta al funcionario
Q.DIN.COMPROBANTE;dinero;¿Tiene algún comprobante?;polar3;polaridad;frase;engano_dinero#4;n-s6-engaño_dinero_y_t-04;no_sabe;No sé;NO_SABER;polaridad;desconocido;False;;No sé si tengo comprobante.;;False;recorrido|respuesta al funcionario
Q.DIN.COMPROBANTE_TIPO;dinero;¿Qué comprobante tiene?;seleccion_multiple;documento|evidencia;fragmento;engano_dinero#5;;banco;Comprobante del banco;PAPEL|BANCO;documento;afirmado;False;;el comprobante del banco;;False;recorrido
Q.DIN.COMPROBANTE_TIPO;dinero;¿Qué comprobante tiene?;seleccion_multiple;documento|evidencia;fragmento;engano_dinero#5;;factura;Factura;FACTURA;documento|evidencia;afirmado;False;;una factura;;False;recorrido
Q.DIN.COMPROBANTE_TIPO;dinero;¿Qué comprobante tiene?;seleccion_multiple;documento|evidencia;fragmento;engano_dinero#5;;capturas;Capturas en mi celular;FOTOS|CELULAR;evidencia|objeto;afirmado;False;;capturas en mi celular;;False;recorrido
Q.DIN.COMPROBANTE_TIPO;dinero;¿Qué comprobante tiene?;seleccion_multiple;documento|evidencia;fragmento;engano_dinero#5;;papel;Un papel (no sé cómo se llama);PAPEL;documento;afirmado;False;;{Q.DOC.ACLARAR|un papel};;False;recorrido
Q.DIN.ENGANO;dinero;¿Quiere decir que lo engañaron?;polar2;polaridad;frase;engano_dinero#8;;si;Sí, me engañaron;SÍ|ENGAÑAR;polaridad;afirmado;False;;Me engañaron con dinero.;;False;recorrido
Q.DIN.ENGANO;dinero;¿Quiere decir que lo engañaron?;polar2;polaridad;frase;engano_dinero#8;;no;Prefiero no decirlo así;NO;polaridad;negado;False;;;;False;recorrido
Q.DIN.ENTREGO;dinero;¿Entregó o envió dinero?;polar3;polaridad;frase;;n-s6-engaño_dinero_y_t-01;si;Sí;SÍ;polaridad;afirmado;False;;Sí, entregué dinero.;;False;respuesta al funcionario
Q.DIN.ENTREGO;dinero;¿Entregó o envió dinero?;polar3;polaridad;frase;;n-s6-engaño_dinero_y_t-01;no;No;NO;polaridad;negado;False;;No entregué ni envié dinero.;;False;respuesta al funcionario
Q.DIN.ENTREGO;dinero;¿Entregó o envió dinero?;polar3;polaridad;frase;;n-s6-engaño_dinero_y_t-01;no_sabe;No sé;NO_SABER;polaridad;desconocido;False;;No estoy seguro.;;False;respuesta al funcionario
Q.DIN.INTERNET;dinero;¿Se comunicaron por internet?;polar3;polaridad;frase;;n-s6-engaño_dinero_y_t-07;si;Sí;SÍ;polaridad;afirmado;False;;Sí, nos comunicamos por internet.;;False;respuesta al funcionario
Q.DIN.INTERNET;dinero;¿Se comunicaron por internet?;polar3;polaridad;frase;;n-s6-engaño_dinero_y_t-07;no;No;NO;polaridad;negado;False;;No nos comunicamos por internet.;;False;respuesta al funcionario
Q.DIN.INTERNET;dinero;¿Se comunicaron por internet?;polar3;polaridad;frase;;n-s6-engaño_dinero_y_t-07;no_sabe;No sé;NO_SABER;polaridad;desconocido;False;;No lo sé.;;False;respuesta al funcionario
Q.DIN.MECANISMO;dinero;¿Cómo entregó el dinero?;seleccion_unica;medio;frase;engano_dinero#1;;mano;En mano, en efectivo;DAR|BILLETES;hecho|medio;afirmado;False;;Entregué {Q.DIN.MONTO|dinero} en mano.;;False;recorrido
Q.DIN.MECANISMO;dinero;¿Cómo entregó el dinero?;seleccion_unica;medio;frase;engano_dinero#1;;banco;Por un banco;BANCO|ENVIAR;lugar|medio|modificador;afirmado;False;;Envié {Q.DIN.MONTO|dinero} mediante un banco.;;False;recorrido
Q.DIN.MECANISMO;dinero;¿Cómo entregó el dinero?;seleccion_unica;medio;frase;engano_dinero#1;;internet;Por internet;INTERNET|ENVIAR;medio;afirmado;False;;Envié {Q.DIN.MONTO|dinero} por internet.;;False;recorrido
Q.DIN.MECANISMO;dinero;¿Cómo entregó el dinero?;seleccion_unica;medio;frase;engano_dinero#1;;celular;Desde el celular;CELULAR|ENVIAR;medio|objeto;afirmado;False;;Envié {Q.DIN.MONTO|dinero} desde el celular.;;False;recorrido
Q.DIN.MECANISMO;dinero;¿Cómo entregó el dinero?;seleccion_unica;medio;frase;engano_dinero#1;;otro;Otra forma (escribir);;;afirmado;False;texto_detalle;Entregué {Q.DIN.MONTO|dinero} de esta forma: «{texto}».;;False;recorrido
Q.DIN.MECANISMO;dinero;¿Cómo entregó el dinero?;seleccion_unica;medio;frase;engano_dinero#1;;ninguno;No entregué dinero;NO;polaridad;negado;True;;No entregué ni envié dinero.;;False;recorrido
Q.DIN.MECANISMO;dinero;¿Cómo entregó el dinero?;seleccion_unica;medio;frase;engano_dinero#1;;no_recuerda;No recuerdo;RECORDAR|NO;hecho|polaridad;desconocido;True;;No recuerdo cómo entregué el dinero.;;False;recorrido
Q.DIN.MONTO;dinero;¿Cuánto dinero fue?;seleccion_unica;cantidad;fragmento;engano_dinero#2;n-s6-engaño_dinero_y_t-02;monto;Escribir el monto;;;afirmado;False;monto;{moneda} {monto};;False;recorrido|respuesta al funcionario
Q.DIN.MONTO;dinero;¿Cuánto dinero fue?;seleccion_unica;cantidad;fragmento;engano_dinero#2;n-s6-engaño_dinero_y_t-02;no_recuerda;No recuerdo;RECORDAR|NO;hecho|polaridad;desconocido;True;;dinero;;False;recorrido|respuesta al funcionario
Q.DIN.POR_BANCO;dinero;¿Lo hizo mediante un banco?;polar3;polaridad;frase;;n-s6-engaño_dinero_y_t-03;si;Sí;SÍ;polaridad;afirmado;False;;Sí, lo envié mediante un banco.;;False;respuesta al funcionario
Q.DIN.POR_BANCO;dinero;¿Lo hizo mediante un banco?;polar3;polaridad;frase;;n-s6-engaño_dinero_y_t-03;no;No;NO;polaridad;negado;False;;No fue mediante un banco.;;False;respuesta al funcionario
Q.DIN.POR_BANCO;dinero;¿Lo hizo mediante un banco?;polar3;polaridad;frase;;n-s6-engaño_dinero_y_t-03;no_sabe;No sé;NO_SABER;polaridad;desconocido;False;;No lo sé.;;False;respuesta al funcionario
Q.DIN.RECEPTOR;dinero;¿Quién recibió el dinero?;persona_identidad;persona;frase;engano_dinero#3;;nombre;Sé su nombre;;;afirmado;False;texto_nombre;Recibió el dinero {nombre}.;;False;recorrido
Q.DIN.RECEPTOR;dinero;¿Quién recibió el dinero?;persona_identidad;persona;frase;engano_dinero#3;;solo_numero;Solo tengo su número;;;afirmado;False;telefono;"No conozco su nombre; tengo su número: {telefono}.";;False;recorrido
Q.DIN.RECEPTOR;dinero;¿Quién recibió el dinero?;persona_identidad;persona;frase;engano_dinero#3;;hombre;Un hombre (no sé quién);HOMBRE;persona;afirmado;False;;Lo recibió un hombre que no conozco.;;False;recorrido
Q.DIN.RECEPTOR;dinero;¿Quién recibió el dinero?;persona_identidad;persona;frase;engano_dinero#3;;mujer;Una mujer (no sé quién);MUJER;persona;afirmado;False;;Lo recibió una mujer que no conozco.;;False;recorrido
Q.DIN.RECEPTOR;dinero;¿Quién recibió el dinero?;persona_identidad;persona;frase;engano_dinero#3;;no_sabe;No sé;NO_SABER;polaridad;desconocido;True;;No sé quién recibió el dinero.;;False;recorrido
Q.DIN.RECEPTOR_NOMBRE;dinero;¿Conoce el nombre de la persona?;polar3;polaridad;frase;;n-s6-engaño_dinero_y_t-05;si;Sí;SÍ;polaridad;afirmado;False;texto_nombre;Sí, se llama {nombre}.;Sí, conozco su nombre.;False;respuesta al funcionario
Q.DIN.RECEPTOR_NOMBRE;dinero;¿Conoce el nombre de la persona?;polar3;polaridad;frase;;n-s6-engaño_dinero_y_t-05;no;No;NO;polaridad;negado;False;;No conozco su nombre.;;False;respuesta al funcionario
Q.DIN.RECEPTOR_NOMBRE;dinero;¿Conoce el nombre de la persona?;polar3;polaridad;frase;;n-s6-engaño_dinero_y_t-05;no_sabe;No sé;NO_SABER;polaridad;desconocido;False;;No estoy seguro de su nombre.;;False;respuesta al funcionario
Q.DIN.RECEPTOR_NUMERO;dinero;¿Tiene su número de celular?;polar3;polaridad;frase;;n-s6-engaño_dinero_y_t-06;si;Sí;SÍ;polaridad;afirmado;False;telefono;Sí, su número es {telefono}.;Sí, tengo su número.;False;respuesta al funcionario
Q.DIN.RECEPTOR_NUMERO;dinero;¿Tiene su número de celular?;polar3;polaridad;frase;;n-s6-engaño_dinero_y_t-06;no;No;NO;polaridad;negado;False;;No tengo su número.;;False;respuesta al funcionario
Q.DIN.RECEPTOR_NUMERO;dinero;¿Tiene su número de celular?;polar3;polaridad;frase;;n-s6-engaño_dinero_y_t-06;no_sabe;No sé;NO_SABER;polaridad;desconocido;False;;No estoy seguro de tenerlo.;;False;respuesta al funcionario
Q.DOC.ACLARAR;documento;¿Qué papel es?;seleccion_unica;documento|evidencia;fragmento;denuncia_robo#3|engano_dinero#6;;carnet;Carnet de identidad;PAPEL|IDENTIDAD;documento;afirmado;False;;mi carnet de identidad;;False;recorrido
Q.DOC.ACLARAR;documento;¿Qué papel es?;seleccion_unica;documento|evidencia;fragmento;denuncia_robo#3|engano_dinero#6;;comprobante_banco;Comprobante del banco;PAPEL|BANCO;documento;afirmado;False;;el comprobante del banco;;False;recorrido
Q.DOC.ACLARAR;documento;¿Qué papel es?;seleccion_unica;documento|evidencia;fragmento;denuncia_robo#3|engano_dinero#6;;citacion;Citación;PAPEL|CONVOCAR;documento;afirmado;False;;una citación;;False;recorrido
Q.DOC.ACLARAR;documento;¿Qué papel es?;seleccion_unica;documento|evidencia;fragmento;denuncia_robo#3|engano_dinero#6;;resolucion;Resolución;RESOLUCIÓN;documento;afirmado;False;;una resolución;;False;recorrido
Q.DOC.ACLARAR;documento;¿Qué papel es?;seleccion_unica;documento|evidencia;fragmento;denuncia_robo#3|engano_dinero#6;;certificado;Certificado;CERTIFICADO;documento|evidencia;afirmado;False;;un certificado;;False;recorrido
Q.DOC.ACLARAR;documento;¿Qué papel es?;seleccion_unica;documento|evidencia;fragmento;denuncia_robo#3|engano_dinero#6;;fotocopia;Fotocopia;FOTOCOPIA;documento;afirmado;False;;una fotocopia;;False;recorrido
Q.DOC.ACLARAR;documento;¿Qué papel es?;seleccion_unica;documento|evidencia;fragmento;denuncia_robo#3|engano_dinero#6;;factura;Factura;FACTURA;documento|evidencia;afirmado;False;;una factura;;False;recorrido
Q.DOC.ACLARAR;documento;¿Qué papel es?;seleccion_unica;documento|evidencia;fragmento;denuncia_robo#3|engano_dinero#6;;otro;Otro (escribir cómo se llama);;;afirmado;False;texto_detalle;un documento: «{texto}»;;False;recorrido
Q.DOC.ACLARAR;documento;¿Qué papel es?;seleccion_unica;documento|evidencia;fragmento;denuncia_robo#3|engano_dinero#6;;no_sabe;No sé;NO_SABER;polaridad;desconocido;True;;un papel que no sé qué documento es;;False;recorrido
Q.EVI.CAJA;evidencia;¿Tiene la caja del celular?;polar3;polaridad;frase;;;si;Sí;SÍ;polaridad;afirmado;False;;Sí, tengo la caja del celular.;;False;parte de otra respuesta
Q.EVI.CAJA;evidencia;¿Tiene la caja del celular?;polar3;polaridad;frase;;;no;No;NO;polaridad;negado;False;;No tengo la caja del celular.;;False;parte de otra respuesta
Q.EVI.CAJA;evidencia;¿Tiene la caja del celular?;polar3;polaridad;frase;;;no_sabe;No sé;NO_SABER;polaridad;desconocido;False;;No sé si tengo la caja.;;False;parte de otra respuesta
Q.EVI.CAMARAS;evidencia;¿Hay cámaras o video del lugar?;polar3;polaridad;frase;;n-s6-robo_hurto_y_obje-09;si;Sí;SÍ;polaridad;afirmado;False;;Sí, hay video del lugar.;;False;respuesta al funcionario
Q.EVI.CAMARAS;evidencia;¿Hay cámaras o video del lugar?;polar3;polaridad;frase;;n-s6-robo_hurto_y_obje-09;no;No;NO;polaridad;negado;False;;No hay cámaras en ese lugar.;;False;respuesta al funcionario
Q.EVI.CAMARAS;evidencia;¿Hay cámaras o video del lugar?;polar3;polaridad;frase;;n-s6-robo_hurto_y_obje-09;no_sabe;No sé;NO_SABER;polaridad;desconocido;False;;No sé si hay cámaras.;;False;respuesta al funcionario
Q.EVI.CERTIFICADO;evidencia;¿Tiene un certificado?;polar3;polaridad;frase;;n-s6-testigos_fotos_v-08;si;Sí;SÍ;polaridad;afirmado;False;;Sí, tengo un certificado.;;False;respuesta al funcionario
Q.EVI.CERTIFICADO;evidencia;¿Tiene un certificado?;polar3;polaridad;frase;;n-s6-testigos_fotos_v-08;no;No;NO;polaridad;negado;False;;No tengo certificado.;;False;respuesta al funcionario
Q.EVI.CERTIFICADO;evidencia;¿Tiene un certificado?;polar3;polaridad;frase;;n-s6-testigos_fotos_v-08;no_sabe;No sé;NO_SABER;polaridad;desconocido;False;;No sé si tengo un certificado.;;False;respuesta al funcionario
Q.EVI.FACTURA;evidencia;¿Tiene la factura?;polar3;polaridad;frase;denuncia_robo#22;;si;Sí;SÍ;polaridad;afirmado;False;;Sí, tengo la factura.;;False;recorrido
Q.EVI.FACTURA;evidencia;¿Tiene la factura?;polar3;polaridad;frase;denuncia_robo#22;;no;No;NO;polaridad;negado;False;;No tengo la factura.;;False;recorrido
Q.EVI.FACTURA;evidencia;¿Tiene la factura?;polar3;polaridad;frase;denuncia_robo#22;;no_sabe;No sé;NO_SABER;polaridad;desconocido;False;;No sé si tengo la factura.;;False;recorrido
Q.EVI.FOTOS;evidencia;¿Tiene fotografías?;polar3;polaridad;frase;;n-s6-testigos_fotos_v-05;si;Sí;SÍ;polaridad;afirmado;False;;Sí, tengo fotos.;;False;respuesta al funcionario
Q.EVI.FOTOS;evidencia;¿Tiene fotografías?;polar3;polaridad;frase;;n-s6-testigos_fotos_v-05;no;No;NO;polaridad;negado;False;;No tengo fotos.;;False;respuesta al funcionario
Q.EVI.FOTOS;evidencia;¿Tiene fotografías?;polar3;polaridad;frase;;n-s6-testigos_fotos_v-05;no_sabe;No sé;NO_SABER;polaridad;desconocido;False;;No sé si tengo fotos.;;False;respuesta al funcionario
Q.EVI.MOSTRAR_AHORA;evidencia;¿Puede mostrarlo ahora?;polar3;polaridad;frase;;n-s6-testigos_fotos_v-07;si;Sí;SÍ;polaridad;afirmado;False;;Sí, puedo mostrarlo ahora.;;False;respuesta al funcionario
Q.EVI.MOSTRAR_AHORA;evidencia;¿Puede mostrarlo ahora?;polar3;polaridad;frase;;n-s6-testigos_fotos_v-07;no;No;NO;polaridad;negado;False;;No puedo mostrarlo ahora.;;False;respuesta al funcionario
Q.EVI.MOSTRAR_AHORA;evidencia;¿Puede mostrarlo ahora?;polar3;polaridad;frase;;n-s6-testigos_fotos_v-07;no_sabe;No sé;NO_SABER;polaridad;desconocido;False;;No sé si puedo mostrarlo ahora.;;False;respuesta al funcionario
Q.EVI.PRESENTAR;evidencia;¿Desea presentar estos elementos?;polar3;polaridad;frase;;n-s6-testigos_fotos_v-10;si;Sí;SÍ;polaridad;afirmado;False;;Sí, quiero presentar estos elementos.;;False;respuesta al funcionario
Q.EVI.PRESENTAR;evidencia;¿Desea presentar estos elementos?;polar3;polaridad;frase;;n-s6-testigos_fotos_v-10;no;No;NO;polaridad;negado;False;;Por ahora no quiero presentarlos.;;False;respuesta al funcionario
Q.EVI.PRESENTAR;evidencia;¿Desea presentar estos elementos?;polar3;polaridad;frase;;n-s6-testigos_fotos_v-10;no_sabe;No sé;NO_SABER;polaridad;desconocido;False;;Todavía no lo sé.;;False;respuesta al funcionario
Q.EVI.QUE_TIENE;evidencia;¿Tiene fotos, video u otra cosa que pueda mostrar?;polar3;polaridad;frase;denuncia_robo#24|violencia#16;;si;Sí;SÍ;polaridad;afirmado;False;;Sí, tengo {Q.EVI.TIPOS|algo que puedo mostrar}.;;False;recorrido
Q.EVI.QUE_TIENE;evidencia;¿Tiene fotos, video u otra cosa que pueda mostrar?;polar3;polaridad;frase;denuncia_robo#24|violencia#16;;no;No;NO;polaridad;negado;False;;No tengo fotos, video ni otra cosa para mostrar.;;False;recorrido
Q.EVI.QUE_TIENE;evidencia;¿Tiene fotos, video u otra cosa que pueda mostrar?;polar3;polaridad;frase;denuncia_robo#24|violencia#16;;no_sabe;No sé;NO_SABER;polaridad;desconocido;False;;No sé si tengo algo para mostrar.;;False;recorrido
Q.EVI.RESOLUCION_PREVIA;evidencia;¿Tiene una resolución o papel previo?;polar3;polaridad;frase;;n-s6-testigos_fotos_v-09;si;Sí;SÍ;polaridad;afirmado;False;;Sí, tengo un documento anterior.;;False;respuesta al funcionario
Q.EVI.RESOLUCION_PREVIA;evidencia;¿Tiene una resolución o papel previo?;polar3;polaridad;frase;;n-s6-testigos_fotos_v-09;no;No;NO;polaridad;negado;False;;No tengo ningún documento anterior.;;False;respuesta al funcionario
Q.EVI.RESOLUCION_PREVIA;evidencia;¿Tiene una resolución o papel previo?;polar3;polaridad;frase;;n-s6-testigos_fotos_v-09;no_sabe;No sé;NO_SABER;polaridad;desconocido;False;;No sé si tengo un documento anterior.;;False;respuesta al funcionario
Q.EVI.TIPOS;evidencia;¿Qué tiene?;seleccion_multiple;evidencia|documento;fragmento;denuncia_robo#25|violencia#17;;fotos;Fotos;FOTOS;evidencia|objeto;afirmado;False;;fotos;;False;recorrido
Q.EVI.TIPOS;evidencia;¿Qué tiene?;seleccion_multiple;evidencia|documento;fragmento;denuncia_robo#25|violencia#17;;video;Video;VIDEO;evidencia;afirmado;False;;un video;;False;recorrido
Q.EVI.TIPOS;evidencia;¿Qué tiene?;seleccion_multiple;evidencia|documento;fragmento;denuncia_robo#25|violencia#17;;certificado;Certificado;CERTIFICADO;documento|evidencia;afirmado;False;;un certificado;;False;recorrido
Q.EVI.TIPOS;evidencia;¿Qué tiene?;seleccion_multiple;evidencia|documento;fragmento;denuncia_robo#25|violencia#17;;otro;Otra cosa (escribir);;;afirmado;False;texto_detalle;«{texto}»;;False;recorrido
Q.EVI.TRAE_COPIA;evidencia;¿La tiene aquí con usted?;polar3;polaridad;frase;denuncia_robo#23;;si;Sí;SÍ;polaridad;afirmado;False;;La tengo aquí.;;False;recorrido
Q.EVI.TRAE_COPIA;evidencia;¿La tiene aquí con usted?;polar3;polaridad;frase;denuncia_robo#23;;no;No;NO;polaridad;negado;False;;No la tengo aquí.;;False;recorrido
Q.EVI.TRAE_COPIA;evidencia;¿La tiene aquí con usted?;polar3;polaridad;frase;denuncia_robo#23;;no_sabe;No sé;NO_SABER;polaridad;desconocido;False;;No sé si la traje.;;False;recorrido
Q.EVI.VIDEO;evidencia;¿Tiene video?;polar3;polaridad;frase;;n-s6-testigos_fotos_v-06;si;Sí;SÍ;polaridad;afirmado;False;;Sí, tengo un video.;;False;respuesta al funcionario
Q.EVI.VIDEO;evidencia;¿Tiene video?;polar3;polaridad;frase;;n-s6-testigos_fotos_v-06;no;No;NO;polaridad;negado;False;;No tengo video.;;False;respuesta al funcionario
Q.EVI.VIDEO;evidencia;¿Tiene video?;polar3;polaridad;frase;;n-s6-testigos_fotos_v-06;no_sabe;No sé;NO_SABER;polaridad;desconocido;False;;No sé si tengo video.;;False;respuesta al funcionario
Q.FALTA.QUE;robo;¿Qué le falta?;seleccion_multiple;objeto|documento|prenda;fragmento;denuncia_robo#4;;celular;Celular;CELULAR;medio|objeto;afirmado;False;;el celular;;False;recorrido
Q.FALTA.QUE;robo;¿Qué le falta?;seleccion_multiple;objeto|documento|prenda;fragmento;denuncia_robo#4;;dinero;Dinero;BILLETES;modificador|objeto;afirmado;False;monto;{moneda} {monto};dinero;False;recorrido
Q.FALTA.QUE;robo;¿Qué le falta?;seleccion_multiple;objeto|documento|prenda;fragmento;denuncia_robo#4;;mochila;Mochila;MOCHILA;objeto|prenda;afirmado;False;;la mochila;;False;recorrido
Q.FALTA.QUE;robo;¿Qué le falta?;seleccion_multiple;objeto|documento|prenda;fragmento;denuncia_robo#4;;bolsa;Bolsa;BOLSA;objeto|prenda;afirmado;False;;la bolsa;;False;recorrido
Q.FALTA.QUE;robo;¿Qué le falta?;seleccion_multiple;objeto|documento|prenda;fragmento;denuncia_robo#4;;chamarra;Chamarra;CHAMARRA;objeto|prenda;afirmado;False;;la chamarra;;False;recorrido
Q.FALTA.QUE;robo;¿Qué le falta?;seleccion_multiple;objeto|documento|prenda;fragmento;denuncia_robo#4;;gorra;Gorra;GORRA;objeto|prenda;afirmado;False;;la gorra;;False;recorrido
Q.FALTA.QUE;robo;¿Qué le falta?;seleccion_multiple;objeto|documento|prenda;fragmento;denuncia_robo#4;;lentes;Lentes;LENTES;objeto|prenda;afirmado;False;;los lentes;;False;recorrido
Q.FALTA.QUE;robo;¿Qué le falta?;seleccion_multiple;objeto|documento|prenda;fragmento;denuncia_robo#4;;carnet;Carnet de identidad;PAPEL|IDENTIDAD;documento;afirmado;False;;mi carnet de identidad;;False;recorrido
Q.FALTA.QUE;robo;¿Qué le falta?;seleccion_multiple;objeto|documento|prenda;fragmento;denuncia_robo#4;;papel;Un papel (no sé cómo se llama);PAPEL;documento;afirmado;False;;{Q.DOC.ACLARAR|un papel};;False;recorrido
Q.FALTA.QUE;robo;¿Qué le falta?;seleccion_multiple;objeto|documento|prenda;fragmento;denuncia_robo#4;;otro;Otro objeto (escribir);;;afirmado;False;texto_detalle;«{texto}»;;False;recorrido
Q.FALTA.QUE;robo;¿Qué le falta?;seleccion_multiple;objeto|documento|prenda;fragmento;denuncia_robo#4;;no_sabe;No sé;NO_SABER;polaridad;desconocido;True;;algo que no sé precisar;;False;recorrido
Q.HEC.AMPLIAR;relato;¿Quiere agregar algo que no le pregunté?;polar2;polaridad;frase;;n-s6-inicio_de_denuncia-12;si;Sí;SÍ;polaridad;afirmado;False;;Sí, quiero agregar información.;;False;respuesta al funcionario
Q.HEC.AMPLIAR;relato;¿Quiere agregar algo que no le pregunté?;polar2;polaridad;frase;;n-s6-inicio_de_denuncia-12;no;No;NO;polaridad;negado;False;;No, eso es todo.;;False;respuesta al funcionario
Q.HEC.ESCAPE_ACTOR;relato;¿Quién escapó?;seleccion_unica;persona;frase;denuncia_robo#7;;yo;Yo logré escapar;YO|ESCAPAR;persona;afirmado;False;;Logré escapar.;;False;recorrido
Q.HEC.ESCAPE_ACTOR;relato;¿Quién escapó?;seleccion_unica;persona;frase;denuncia_robo#7;;autor;La persona que me robó;LADRÓN|ESCAPAR;persona;afirmado;False;;La persona que me robó escapó.;;False;recorrido
Q.HEC.ESCAPE_ACTOR;relato;¿Quién escapó?;seleccion_unica;persona;frase;denuncia_robo#7;;otra;Otra persona;ÉL|ESCAPAR;persona;afirmado;False;;Otra persona escapó.;;False;recorrido
Q.HEC.ESCAPE_ACTOR;relato;¿Quién escapó?;seleccion_unica;persona;frase;denuncia_robo#7;;no_sabe;No sé;NO_SABER;polaridad;desconocido;True;;Alguien escapó, pero no sé quién.;;False;recorrido
Q.HEC.PERDIDA_TIPO;relato;¿Lo perdió usted o cree que se lo quitaron?;alternativa;hecho;frase;denuncia_robo#5;;perdi;Lo perdí;PERDER;hecho;afirmado;False;;Perdí {Q.FALTA.QUE|algo}.;;False;recorrido
Q.HEC.PERDIDA_TIPO;relato;¿Lo perdió usted o cree que se lo quitaron?;alternativa;hecho;frase;denuncia_robo#5;;robo_creo;Creo que me lo robaron;ROBAR;hecho;afirmado;False;;"Me falta {Q.FALTA.QUE|algo}; creo que fue un robo, pero no estoy seguro.";;False;recorrido
Q.HEC.PERDIDA_TIPO;relato;¿Lo perdió usted o cree que se lo quitaron?;alternativa;hecho;frase;denuncia_robo#5;;no_sabe;No sé;NO_SABER;polaridad;desconocido;True;;Me falta {Q.FALTA.QUE|algo} y no sé si fue una pérdida o un robo.;;False;recorrido
Q.HEC.QUE_OCURRIO;relato;¿Qué ocurrió?;seleccion_multiple;hecho;frase;denuncia_robo#1;n-s6-inicio_de_denuncia-02;robar;Me robaron;ROBAR;hecho;afirmado;False;;Me robaron {Q.ROB.QUE|algo}.;;False;recorrido|respuesta al funcionario
Q.HEC.QUE_OCURRIO;relato;¿Qué ocurrió?;seleccion_multiple;hecho;frase;denuncia_robo#1;n-s6-inicio_de_denuncia-02;perder;Me falta algo (lo perdí o no sé);PERDER;hecho;afirmado;False;;;;False;recorrido|respuesta al funcionario
Q.HEC.QUE_OCURRIO;relato;¿Qué ocurrió?;seleccion_multiple;hecho;frase;denuncia_robo#1;n-s6-inicio_de_denuncia-02;danar;Dañaron algo mío;DAÑAR;hecho;afirmado;False;;Dañaron {Q.DAN.QUE|algo mío}.;;False;recorrido|respuesta al funcionario
Q.HEC.QUE_OCURRIO;relato;¿Qué ocurrió?;seleccion_multiple;hecho;frase;denuncia_robo#1;n-s6-inicio_de_denuncia-02;escapar;Alguien escapó;ESCAPAR;hecho;afirmado;False;;;;False;recorrido|respuesta al funcionario
Q.HEC.RELATO_ORDENADO;relato;¿Puede contarme lo sucedido desde el inicio?;polar2;polaridad;frase;;n-s6-inicio_de_denuncia-03;si;Sí;SÍ;polaridad;afirmado;False;;Sí. Quiero explicar lo sucedido desde el principio.;;False;respuesta al funcionario
Q.HEC.RELATO_ORDENADO;relato;¿Puede contarme lo sucedido desde el inicio?;polar2;polaridad;frase;;n-s6-inicio_de_denuncia-03;no;No;NO;polaridad;negado;False;;Ahora no puedo contarlo.;;False;respuesta al funcionario
Q.ID.ACOMPANANTE;identificacion;¿Vino solo o acompañado?;alternativa;compania;frase;identificacion#6;n-s6-acceso_comunicativ-12;solo;Vine solo/a;1;cantidad|compania;afirmado;False;;Vine sin acompañante.;;False;recorrido|respuesta al funcionario
Q.ID.ACOMPANANTE;identificacion;¿Vino solo o acompañado?;alternativa;compania;frase;identificacion#6;n-s6-acceso_comunicativ-12;acompanado;Vine con alguien;ACOMPAÑAR;compania;afirmado;False;;Vine con {Q.ID.ACOMPANANTE_QUIEN|otra persona}.;;False;recorrido|respuesta al funcionario
Q.ID.ACOMPANANTE_QUIEN;identificacion;¿Quién le acompaña?;seleccion_unica;persona|servicio;fragmento;identificacion#7;;interprete;Intérprete;INTÉRPRETE;persona|servicio;afirmado;False;;un intérprete;;False;recorrido
Q.ID.ACOMPANANTE_QUIEN;identificacion;¿Quién le acompaña?;seleccion_unica;persona|servicio;fragmento;identificacion#7;;mama;Mi mamá;MAMÁ;persona;afirmado;False;;mi mamá;;False;recorrido
Q.ID.ACOMPANANTE_QUIEN;identificacion;¿Quién le acompaña?;seleccion_unica;persona|servicio;fragmento;identificacion#7;;hermano;Mi hermano;HERMANO;persona;afirmado;False;;mi hermano;;False;recorrido
Q.ID.ACOMPANANTE_QUIEN;identificacion;¿Quién le acompaña?;seleccion_unica;persona|servicio;fragmento;identificacion#7;;hermana;Mi hermana;HERMANA;persona;afirmado;False;;mi hermana;;False;recorrido
Q.ID.ACOMPANANTE_QUIEN;identificacion;¿Quién le acompaña?;seleccion_unica;persona|servicio;fragmento;identificacion#7;;hijo;Mi hijo;HIJO;persona;afirmado;False;;mi hijo;;False;recorrido
Q.ID.ACOMPANANTE_QUIEN;identificacion;¿Quién le acompaña?;seleccion_unica;persona|servicio;fragmento;identificacion#7;;hija;Mi hija;HIJA;persona;afirmado;False;;mi hija;;False;recorrido
Q.ID.ACOMPANANTE_QUIEN;identificacion;¿Quién le acompaña?;seleccion_unica;persona|servicio;fragmento;identificacion#7;;amigo;Un amigo;AMIGO;persona;afirmado;False;;un amigo;;False;recorrido
Q.ID.ACOMPANANTE_QUIEN;identificacion;¿Quién le acompaña?;seleccion_unica;persona|servicio;fragmento;identificacion#7;;otro;Otra persona (escribir);;;afirmado;False;texto_detalle;«{texto}»;;False;recorrido
Q.ID.APELLIDO;identificacion;¿Puede deletrear su apellido?;seleccion_unica;nombre;frase;;n-s6-acceso_comunicativ-08;apellido;Escribir mi apellido;;;afirmado;False;texto_nombre;Mi apellido es {nombre}.;;False;respuesta al funcionario
Q.ID.AVISO;identificacion;¿Prefiere recibir avisos por mensaje escrito?;polar3;polaridad;frase;identificacion#5;n-s6-acceso_comunicativ-11|n-s6-seguimiento_prelim-10;si;Sí;SÍ;polaridad;afirmado;False;;Sí, prefiero recibir avisos por mensaje escrito.;;False;recorrido|respuesta al funcionario
Q.ID.AVISO;identificacion;¿Prefiere recibir avisos por mensaje escrito?;polar3;polaridad;frase;identificacion#5;n-s6-acceso_comunicativ-11|n-s6-seguimiento_prelim-10;no;No;NO;polaridad;negado;False;;No quiero recibir avisos por mensaje escrito.;;False;recorrido|respuesta al funcionario
Q.ID.AVISO;identificacion;¿Prefiere recibir avisos por mensaje escrito?;polar3;polaridad;frase;identificacion#5;n-s6-acceso_comunicativ-11|n-s6-seguimiento_prelim-10;no_sabe;No sé;NO_SABER;polaridad;desconocido;False;;No sé qué prefiero.;;False;recorrido|respuesta al funcionario
Q.ID.DOC_NUMERO;identificacion;¿Cuál es el número de su documento?;seleccion_unica;documento;frase;identificacion#3;;numero;Escribir el número;;;afirmado;False;documento_numero;El número de mi documento es {numero}.;;False;recorrido
Q.ID.DOC_TIENE;identificacion;¿Tiene su carnet de identidad?;polar3;polaridad;frase;;n-s6-acceso_comunicativ-09;si;Sí;SÍ;polaridad;afirmado;False;;Sí, tengo mi carnet de identidad.;;False;respuesta al funcionario
Q.ID.DOC_TIENE;identificacion;¿Tiene su carnet de identidad?;polar3;polaridad;frase;;n-s6-acceso_comunicativ-09;no;No;NO;polaridad;negado;False;;No tengo mi carnet de identidad.;;False;respuesta al funcionario
Q.ID.DOC_TIENE;identificacion;¿Tiene su carnet de identidad?;polar3;polaridad;frase;;n-s6-acceso_comunicativ-09;no_sabe;No sé;NO_SABER;polaridad;desconocido;False;;No sé si lo tengo conmigo.;;False;respuesta al funcionario
Q.ID.DOC_TIPO;identificacion;¿Qué documento presenta?;seleccion_unica;documento;frase;identificacion#2;;carnet;Carnet de identidad;PAPEL|IDENTIDAD;documento;afirmado;False;;Presento mi carnet de identidad.;;False;recorrido
Q.ID.DOC_TIPO;identificacion;¿Qué documento presenta?;seleccion_unica;documento;frase;identificacion#2;;pasaporte;Pasaporte;;;afirmado;False;;Presento mi pasaporte.;;True;recorrido
Q.ID.DOC_TIPO;identificacion;¿Qué documento presenta?;seleccion_unica;documento;frase;identificacion#2;;licencia;Licencia de conducir;;;afirmado;False;;Presento mi licencia de conducir.;;True;recorrido
Q.ID.DOC_TIPO;identificacion;¿Qué documento presenta?;seleccion_unica;documento;frase;identificacion#2;;otro;Otro documento (escribir);;;afirmado;False;texto_detalle;Presento este documento: «{texto}».;;False;recorrido
Q.ID.DOC_TIPO;identificacion;¿Qué documento presenta?;seleccion_unica;documento;frase;identificacion#2;;ninguno;No tengo un documento;NO;polaridad;negado;True;;No tengo un documento conmigo.;;False;recorrido
Q.ID.EDAD_PROPIA;identificacion;¿Qué edad tiene?;seleccion_unica;edad;frase;identificacion#8;;edad;Escribir mi edad;;;afirmado;False;edad;Tengo {n} años.;;False;recorrido
Q.ID.NOMBRE;identificacion;¿Cuál es su nombre completo?;seleccion_unica;nombre;frase;identificacion#1;n-s6-acceso_comunicativ-07;nombre;Escribir mi nombre;;;afirmado;False;texto_nombre;Me llamo {nombre}.;;False;recorrido|respuesta al funcionario
Q.ID.TELEFONO_PROPIO;identificacion;¿Cuál es su número de celular?;seleccion_unica;telefono;frase;identificacion#4;;telefono;Escribir mi número;;;afirmado;False;telefono;Mi número de celular es {telefono}.;;False;recorrido
Q.ID.TELEFONO_VALIDA;identificacion;¿Este número de celular es suyo?;polar3;polaridad;frase;;n-s6-acceso_comunicativ-10;si;Sí;SÍ;polaridad;afirmado;False;;Sí, ese número es mío.;;False;respuesta al funcionario
Q.ID.TELEFONO_VALIDA;identificacion;¿Este número de celular es suyo?;polar3;polaridad;frase;;n-s6-acceso_comunicativ-10;no;No;NO;polaridad;negado;False;;No, ese número no es mío.;;False;respuesta al funcionario
Q.ID.TELEFONO_VALIDA;identificacion;¿Este número de celular es suyo?;polar3;polaridad;frase;;n-s6-acceso_comunicativ-10;no_sabe;No sé;NO_SABER;polaridad;desconocido;False;;No estoy seguro de que sea mi número.;;False;respuesta al funcionario
Q.LUG.DENTRO_FUERA;lugar;¿Ocurrió dentro o fuera del lugar?;alternativa;lugar;frase;;n-s6-inicio_de_denuncia-08;dentro;Dentro;DENTRO;lugar;afirmado;False;;Ocurrió dentro.;;False;respuesta al funcionario
Q.LUG.DENTRO_FUERA;lugar;¿Ocurrió dentro o fuera del lugar?;alternativa;lugar;frase;;n-s6-inicio_de_denuncia-08;fuera;Fuera;FUERA;lugar;afirmado;False;;Ocurrió fuera.;;False;respuesta al funcionario
Q.LUG.DENTRO_FUERA;lugar;¿Ocurrió dentro o fuera del lugar?;alternativa;lugar;frase;;n-s6-inicio_de_denuncia-08;no_sabe;No sé;NO_SABER;polaridad;desconocido;True;;No sé si fue dentro o fuera.;;False;respuesta al funcionario
Q.LUG.DONDE;lugar;¿Dónde ocurrió?;seleccion_unica;lugar;frase;denuncia_robo#9|violencia#8|otro#4;n-s6-inicio_de_denuncia-07;calle;En la calle;CALLE;lugar;afirmado;False;lugar_literal;Ocurrió en la calle{?nombre}.;Ocurrió en la calle.;False;recorrido|respuesta al funcionario
Q.LUG.DONDE;lugar;¿Dónde ocurrió?;seleccion_unica;lugar;frase;denuncia_robo#9|violencia#8|otro#4;n-s6-inicio_de_denuncia-07;avenida;En una avenida;AVENIDA;lugar;afirmado;False;lugar_literal;Ocurrió en la avenida{?nombre}.;Ocurrió en la avenida.;False;recorrido|respuesta al funcionario
Q.LUG.DONDE;lugar;¿Dónde ocurrió?;seleccion_unica;lugar;frase;denuncia_robo#9|violencia#8|otro#4;n-s6-inicio_de_denuncia-07;plaza;En una plaza;PLAZA;lugar;afirmado;False;lugar_literal;Ocurrió en la plaza{?nombre}.;Ocurrió en la plaza.;False;recorrido|respuesta al funcionario
Q.LUG.DONDE;lugar;¿Dónde ocurrió?;seleccion_unica;lugar;frase;denuncia_robo#9|violencia#8|otro#4;n-s6-inicio_de_denuncia-07;mercado;En un mercado;MERCADO;lugar;afirmado;False;lugar_literal;Ocurrió en el mercado{?nombre}.;Ocurrió en el mercado.;False;recorrido|respuesta al funcionario
Q.LUG.DONDE;lugar;¿Dónde ocurrió?;seleccion_unica;lugar;frase;denuncia_robo#9|violencia#8|otro#4;n-s6-inicio_de_denuncia-07;barrio;En un barrio;BARRIO;lugar;afirmado;False;lugar_literal;Ocurrió en el barrio{?nombre}.;Ocurrió en el barrio.;False;recorrido|respuesta al funcionario
Q.LUG.DONDE;lugar;¿Dónde ocurrió?;seleccion_unica;lugar;frase;denuncia_robo#9|violencia#8|otro#4;n-s6-inicio_de_denuncia-07;tienda;En una tienda;TIENDA;lugar|objeto;afirmado;False;lugar_literal;Ocurrió en una tienda{?nombre}.;Ocurrió en una tienda.;False;recorrido|respuesta al funcionario
Q.LUG.DONDE;lugar;¿Dónde ocurrió?;seleccion_unica;lugar;frase;denuncia_robo#9|violencia#8|otro#4;n-s6-inicio_de_denuncia-07;casa;En mi casa;CASA;lugar|objeto;afirmado;False;;Ocurrió en mi casa.;;False;recorrido|respuesta al funcionario
Q.LUG.DONDE;lugar;¿Dónde ocurrió?;seleccion_unica;lugar;frase;denuncia_robo#9|violencia#8|otro#4;n-s6-inicio_de_denuncia-07;micro;Dentro de un micro;MICRO;lugar|objeto;afirmado;False;;Ocurrió dentro de un micro.;;False;recorrido|respuesta al funcionario
Q.LUG.DONDE;lugar;¿Dónde ocurrió?;seleccion_unica;lugar;frase;denuncia_robo#9|violencia#8|otro#4;n-s6-inicio_de_denuncia-07;trufi;Dentro de un trufi;TRUFI;lugar|objeto;afirmado;False;;Ocurrió dentro de un trufi.;;False;recorrido|respuesta al funcionario
Q.LUG.DONDE;lugar;¿Dónde ocurrió?;seleccion_unica;lugar;frase;denuncia_robo#9|violencia#8|otro#4;n-s6-inicio_de_denuncia-07;otro;Otro lugar (escribir);;;afirmado;False;texto_detalle;Ocurrió en «{texto}».;;False;recorrido|respuesta al funcionario
Q.LUG.DONDE;lugar;¿Dónde ocurrió?;seleccion_unica;lugar;frase;denuncia_robo#9|violencia#8|otro#4;n-s6-inicio_de_denuncia-07;no_sabe;No sé;NO_SABER;polaridad;desconocido;True;;No sé exactamente dónde ocurrió.;;False;recorrido|respuesta al funcionario
Q.LUG.RELACION;lugar;¿Fue cerca de algún lugar que conozca?;seleccion_unica;lugar;frase;denuncia_robo#10;;cerca;Cerca de…;CERCA;lugar;afirmado;False;referencia;Fue cerca de este lugar: «{referencia}».;;False;recorrido
Q.LUG.RELACION;lugar;¿Fue cerca de algún lugar que conozca?;seleccion_unica;lugar;frase;denuncia_robo#10;;al_lado;Al lado de…;AL_LADO;lugar;afirmado;False;referencia;Fue al lado de este lugar: «{referencia}».;;False;recorrido
Q.LUG.RELACION;lugar;¿Fue cerca de algún lugar que conozca?;seleccion_unica;lugar;frase;denuncia_robo#10;;lejos;Lejos de…;LEJOS;lugar;afirmado;False;referencia;Fue lejos de este lugar: «{referencia}».;;False;recorrido
Q.ORI.SEPDAVI;apoyo;¿Desea orientación para recibir asistencia de SEPDAVI?;polar3;polaridad;frase;;n-s6-agresion_violenci-10;si;Sí;SÍ;polaridad;afirmado;False;;Sí, quiero orientación de SEPDAVI.;;False;respuesta al funcionario
Q.ORI.SEPDAVI;apoyo;¿Desea orientación para recibir asistencia de SEPDAVI?;polar3;polaridad;frase;;n-s6-agresion_violenci-10;no;No;NO;polaridad;negado;False;;Por ahora no.;;False;respuesta al funcionario
Q.ORI.SEPDAVI;apoyo;¿Desea orientación para recibir asistencia de SEPDAVI?;polar3;polaridad;frase;;n-s6-agresion_violenci-10;no_sabe;No sé;NO_SABER;polaridad;desconocido;False;;No lo sé todavía.;;False;respuesta al funcionario
Q.PER.CONOCE;persona;¿Conoce a la persona involucrada?;polar3;polaridad;frase;denuncia_robo#11;n-s6-inicio_de_denuncia-09;si;Sí;SÍ;polaridad;afirmado;False;;Sí, conozco a esa persona.;;False;recorrido|respuesta al funcionario
Q.PER.CONOCE;persona;¿Conoce a la persona involucrada?;polar3;polaridad;frase;denuncia_robo#11;n-s6-inicio_de_denuncia-09;no;No;NO;polaridad;negado;False;;No conozco a esa persona.;;False;recorrido|respuesta al funcionario
Q.PER.CONOCE;persona;¿Conoce a la persona involucrada?;polar3;polaridad;frase;denuncia_robo#11;n-s6-inicio_de_denuncia-09;no_sabe;No sé;NO_SABER;polaridad;desconocido;False;;No sé si la conozco.;;False;recorrido|respuesta al funcionario
Q.PER.DESC.CABELLO;descripcion;¿Qué color de cabello recuerda?;seleccion_unica;rasgo;frase;;n-s6-descripcion_de_per-05;negro;Negro;CABELLO|NEGRO;rasgo;afirmado;False;;Tenía el cabello negro.;;False;respuesta al funcionario
Q.PER.DESC.CABELLO;descripcion;¿Qué color de cabello recuerda?;seleccion_unica;rasgo;frase;;n-s6-descripcion_de_per-05;otro;Otro color (escribir);;;afirmado;False;texto_detalle;Tenía el cabello «{texto}».;;False;respuesta al funcionario
Q.PER.DESC.CABELLO;descripcion;¿Qué color de cabello recuerda?;seleccion_unica;rasgo;frase;;n-s6-descripcion_de_per-05;no_recuerda;No recuerdo;RECORDAR|NO;hecho|polaridad;desconocido;True;;No recuerdo el color de su cabello.;;False;respuesta al funcionario
Q.PER.DESC.CONTEXTURA;descripcion;¿Era delgado o de contextura gruesa?;alternativa;rasgo;frase;denuncia_robo#18;n-s6-descripcion_de_per-04;flaco;Delgada;FLACO;rasgo;afirmado;False;;Era una persona delgada.;;False;recorrido|respuesta al funcionario
Q.PER.DESC.CONTEXTURA;descripcion;¿Era delgado o de contextura gruesa?;alternativa;rasgo;frase;denuncia_robo#18;n-s6-descripcion_de_per-04;gordo;De contextura gruesa;GORDO;rasgo;afirmado;False;;Era una persona de contextura gruesa.;;False;recorrido|respuesta al funcionario
Q.PER.DESC.CONTEXTURA;descripcion;¿Era delgado o de contextura gruesa?;alternativa;rasgo;frase;denuncia_robo#18;n-s6-descripcion_de_per-04;no_sabe;No sé;NO_SABER;polaridad;desconocido;True;;No recuerdo su contextura.;;False;recorrido|respuesta al funcionario
Q.PER.DESC.EDAD;descripcion;¿Qué edad aproximada tenía?;seleccion_unica;edad;frase;denuncia_robo#16;n-s6-descripcion_de_per-02;numero;Escribir la edad;;;afirmado;False;edad;Tenía {aprox}{n} años.;;False;recorrido|respuesta al funcionario
Q.PER.DESC.EDAD;descripcion;¿Qué edad aproximada tenía?;seleccion_unica;edad;frase;denuncia_robo#16;n-s6-descripcion_de_per-02;joven;Era joven;JOVEN;edad|rasgo;afirmado;False;;Era una persona joven.;;False;recorrido|respuesta al funcionario
Q.PER.DESC.EDAD;descripcion;¿Qué edad aproximada tenía?;seleccion_unica;edad;frase;denuncia_robo#16;n-s6-descripcion_de_per-02;adulto;Era adulta;ADULTO;edad|rasgo;afirmado;False;;Era una persona adulta.;;False;recorrido|respuesta al funcionario
Q.PER.DESC.EDAD;descripcion;¿Qué edad aproximada tenía?;seleccion_unica;edad;frase;denuncia_robo#16;n-s6-descripcion_de_per-02;no_recuerda;No recuerdo;RECORDAR|NO;hecho|polaridad;desconocido;True;;No recuerdo su edad.;;False;recorrido|respuesta al funcionario
Q.PER.DESC.ESTATURA;descripcion;¿Era alto o bajo?;alternativa;rasgo;frase;denuncia_robo#17;n-s6-descripcion_de_per-03;alto;Alta;ALTO;rasgo;afirmado;False;;Era una persona alta.;;False;recorrido|respuesta al funcionario
Q.PER.DESC.ESTATURA;descripcion;¿Era alto o bajo?;alternativa;rasgo;frase;denuncia_robo#17;n-s6-descripcion_de_per-03;bajo;Baja;BAJO;rasgo;afirmado;False;;Era una persona baja.;;False;recorrido|respuesta al funcionario
Q.PER.DESC.ESTATURA;descripcion;¿Era alto o bajo?;alternativa;rasgo;frase;denuncia_robo#17;n-s6-descripcion_de_per-03;no_sabe;No sé;NO_SABER;polaridad;desconocido;True;;No recuerdo su estatura.;;False;recorrido|respuesta al funcionario
Q.PER.DESC.GORRA;descripcion;¿Llevaba gorra?;polar3;polaridad;frase;;n-s6-descripcion_de_per-07;si;Sí;SÍ;polaridad;afirmado;False;;Sí, llevaba gorra.;;False;respuesta al funcionario
Q.PER.DESC.GORRA;descripcion;¿Llevaba gorra?;polar3;polaridad;frase;;n-s6-descripcion_de_per-07;no;No;NO;polaridad;negado;False;;No llevaba gorra.;;False;respuesta al funcionario
Q.PER.DESC.GORRA;descripcion;¿Llevaba gorra?;polar3;polaridad;frase;;n-s6-descripcion_de_per-07;no_sabe;No sé;NO_SABER;polaridad;desconocido;False;;No recuerdo si llevaba gorra.;;False;respuesta al funcionario
Q.PER.DESC.LENTES;descripcion;¿Usaba lentes?;polar3;polaridad;frase;;n-s6-descripcion_de_per-09;si;Sí;SÍ;polaridad;afirmado;False;;Sí, usaba lentes.;;False;respuesta al funcionario
Q.PER.DESC.LENTES;descripcion;¿Usaba lentes?;polar3;polaridad;frase;;n-s6-descripcion_de_per-09;no;No;NO;polaridad;negado;False;;No usaba lentes.;;False;respuesta al funcionario
Q.PER.DESC.LENTES;descripcion;¿Usaba lentes?;polar3;polaridad;frase;;n-s6-descripcion_de_per-09;no_sabe;No sé;NO_SABER;polaridad;desconocido;False;;No recuerdo si usaba lentes.;;False;respuesta al funcionario
Q.PER.DESC.MOCHILA;descripcion;¿Llevaba mochila o bolsa?;alternativa;prenda|polaridad;frase;;n-s6-descripcion_de_per-08;mochila;Una mochila;MOCHILA;objeto|prenda;afirmado;False;;Llevaba una mochila.;;False;respuesta al funcionario
Q.PER.DESC.MOCHILA;descripcion;¿Llevaba mochila o bolsa?;alternativa;prenda|polaridad;frase;;n-s6-descripcion_de_per-08;bolsa;Una bolsa;BOLSA;objeto|prenda;afirmado;False;;Llevaba una bolsa.;;False;respuesta al funcionario
Q.PER.DESC.MOCHILA;descripcion;¿Llevaba mochila o bolsa?;alternativa;prenda|polaridad;frase;;n-s6-descripcion_de_per-08;ninguna;Ninguna;NO;polaridad;negado;False;;No llevaba mochila ni bolsa.;;False;respuesta al funcionario
Q.PER.DESC.MOCHILA;descripcion;¿Llevaba mochila o bolsa?;alternativa;prenda|polaridad;frase;;n-s6-descripcion_de_per-08;no_sabe;No sé;NO_SABER;polaridad;desconocido;True;;No recuerdo si llevaba mochila o bolsa.;;False;respuesta al funcionario
Q.PER.DESC.RASGO;descripcion;¿Recuerda alguna característica particular?;texto_detalle;detalle;frase;;n-s6-descripcion_de_per-10;texto;Escribir la característica;;;afirmado;False;texto_detalle;Recuerdo esto de esa persona: «{texto}».;;False;respuesta al funcionario
Q.PER.DESC.RASGO;descripcion;¿Recuerda alguna característica particular?;texto_detalle;detalle;frase;;n-s6-descripcion_de_per-10;no_recuerda;No recuerdo;RECORDAR|NO;hecho|polaridad;desconocido;True;;No recuerdo ninguna característica particular.;;False;respuesta al funcionario
Q.PER.DESC.ROPA;descripcion;¿Qué ropa llevaba?;seleccion_multiple;prenda;frase;denuncia_robo#19;n-s6-descripcion_de_per-06;polera;Polera;POLERA;objeto|prenda;afirmado;False;;una polera;;False;recorrido|respuesta al funcionario
Q.PER.DESC.ROPA;descripcion;¿Qué ropa llevaba?;seleccion_multiple;prenda;frase;denuncia_robo#19;n-s6-descripcion_de_per-06;pantalon;Pantalón;PANTALÓN;objeto|prenda;afirmado;False;;un pantalón;;False;recorrido|respuesta al funcionario
Q.PER.DESC.ROPA;descripcion;¿Qué ropa llevaba?;seleccion_multiple;prenda;frase;denuncia_robo#19;n-s6-descripcion_de_per-06;chamarra;Chamarra;CHAMARRA;objeto|prenda;afirmado;False;;una chamarra;;False;recorrido|respuesta al funcionario
Q.PER.DESC.ROPA;descripcion;¿Qué ropa llevaba?;seleccion_multiple;prenda;frase;denuncia_robo#19;n-s6-descripcion_de_per-06;gorra;Gorra;GORRA;objeto|prenda;afirmado;False;;una gorra;;False;recorrido|respuesta al funcionario
Q.PER.DESC.ROPA;descripcion;¿Qué ropa llevaba?;seleccion_multiple;prenda;frase;denuncia_robo#19;n-s6-descripcion_de_per-06;mochila;Mochila;MOCHILA;objeto|prenda;afirmado;False;;una mochila;;False;recorrido|respuesta al funcionario
Q.PER.DESC.ROPA;descripcion;¿Qué ropa llevaba?;seleccion_multiple;prenda;frase;denuncia_robo#19;n-s6-descripcion_de_per-06;otro;Otra prenda o color (escribir);;;afirmado;False;texto_detalle;«{texto}»;;False;recorrido|respuesta al funcionario
Q.PER.DESC.ROPA;descripcion;¿Qué ropa llevaba?;seleccion_multiple;prenda;frase;denuncia_robo#19;n-s6-descripcion_de_per-06;no_recuerda;No recuerdo;RECORDAR|NO;hecho|polaridad;desconocido;True;;No recuerdo su ropa.;;False;recorrido|respuesta al funcionario
Q.PER.DESC.SEXO;descripcion;¿Era un hombre o una mujer?;alternativa;persona;frase;denuncia_robo#15;n-s6-descripcion_de_per-01;hombre;Un hombre;HOMBRE;persona;afirmado;False;;Era un hombre.;;False;recorrido|respuesta al funcionario
Q.PER.DESC.SEXO;descripcion;¿Era un hombre o una mujer?;alternativa;persona;frase;denuncia_robo#15;n-s6-descripcion_de_per-01;mujer;Una mujer;MUJER;persona;afirmado;False;;Era una mujer.;;False;recorrido|respuesta al funcionario
Q.PER.DESC.SEXO;descripcion;¿Era un hombre o una mujer?;alternativa;persona;frase;denuncia_robo#15;n-s6-descripcion_de_per-01;no_sabe;No sé;NO_SABER;polaridad;desconocido;True;;No sé si era hombre o mujer.;;False;recorrido|respuesta al funcionario
Q.PER.DESCRIBIR;descripcion;¿Quiere describir a la persona?;polar2;polaridad;frase;denuncia_robo#14;;si;Sí;SÍ;polaridad;afirmado;False;;;;False;recorrido
Q.PER.DESCRIBIR;descripcion;¿Quiere describir a la persona?;polar2;polaridad;frase;denuncia_robo#14;;no;No;NO;polaridad;negado;False;;;;False;recorrido
Q.PER.NOMBRE_TERCERO;persona;¿Sabe cómo se llama esa persona?;seleccion_unica;nombre;frase;denuncia_robo#13|violencia#5|amenaza_digital#5;;nombre;Escribir su nombre;;;afirmado;False;texto_nombre;Se llama {nombre}.;;False;recorrido
Q.PER.NOMBRE_TERCERO;persona;¿Sabe cómo se llama esa persona?;seleccion_unica;nombre;frase;denuncia_robo#13|violencia#5|amenaza_digital#5;;no_sabe;No sé;NO_SABER;polaridad;desconocido;True;;No sé cómo se llama.;;False;recorrido
Q.PER.OBSERVADA;testigos;¿A quién vio?;seleccion_unica;persona;frase;otro#2;;hombre;Un hombre;HOMBRE;persona;afirmado;False;;Vi a un hombre.;;False;recorrido
Q.PER.OBSERVADA;testigos;¿A quién vio?;seleccion_unica;persona;frase;otro#2;;mujer;Una mujer;MUJER;persona;afirmado;False;;Vi a una mujer.;;False;recorrido
Q.PER.OBSERVADA;testigos;¿A quién vio?;seleccion_unica;persona;frase;otro#2;;ladron;A la persona que robó;LADRÓN;persona;afirmado;False;;Vi a la persona que robó.;;False;recorrido
Q.PER.OBSERVADA;testigos;¿A quién vio?;seleccion_unica;persona;frase;otro#2;;no_sabe;No sé;NO_SABER;polaridad;desconocido;True;;No vi bien a la persona.;;False;recorrido
Q.PER.OTROS_PRESENTES;persona;¿Había otras personas presentes?;polar3;polaridad;frase;;n-s6-inicio_de_denuncia-11;si;Sí;SÍ;polaridad;afirmado;False;;Sí, había otras personas.;;False;respuesta al funcionario
Q.PER.OTROS_PRESENTES;persona;¿Había otras personas presentes?;polar3;polaridad;frase;;n-s6-inicio_de_denuncia-11;no;No;NO;polaridad;negado;False;;No había otras personas.;;False;respuesta al funcionario
Q.PER.OTROS_PRESENTES;persona;¿Había otras personas presentes?;polar3;polaridad;frase;;n-s6-inicio_de_denuncia-11;no_sabe;No sé;NO_SABER;polaridad;desconocido;False;;No sé si había otras personas.;;False;respuesta al funcionario
Q.PER.RECONOCE;persona;¿Puede identificarla si la vuelve a ver?;polar3;polaridad;frase;;n-s6-inicio_de_denuncia-10;si;Sí;SÍ;polaridad;afirmado;False;;Sí, si la vuelvo a ver puedo identificarla.;;False;respuesta al funcionario
Q.PER.RECONOCE;persona;¿Puede identificarla si la vuelve a ver?;polar3;polaridad;frase;;n-s6-inicio_de_denuncia-10;no;No;NO;polaridad;negado;False;;No podría identificarla.;;False;respuesta al funcionario
Q.PER.RECONOCE;persona;¿Puede identificarla si la vuelve a ver?;polar3;polaridad;frase;;n-s6-inicio_de_denuncia-10;no_sabe;No sé;NO_SABER;polaridad;desconocido;False;;No sé si podría identificarla.;;False;respuesta al funcionario
Q.PER.VINCULO;persona;¿Qué relación tiene con esa persona?;seleccion_unica;persona;frase;denuncia_robo#12|violencia#4|amenaza_digital#4;;pareja;Mi pareja;PAREJA;persona;afirmado;False;;Es mi pareja.;;False;recorrido
Q.PER.VINCULO;persona;¿Qué relación tiene con esa persona?;seleccion_unica;persona;frase;denuncia_robo#12|violencia#4|amenaza_digital#4;;expareja;Mi expareja;PAREJA|PASADO;persona;afirmado;False;;Es mi expareja.;;False;recorrido
Q.PER.VINCULO;persona;¿Qué relación tiene con esa persona?;seleccion_unica;persona;frase;denuncia_robo#12|violencia#4|amenaza_digital#4;;esposa;Mi esposa;ESPOSA;persona;afirmado;False;;Es mi esposa.;;False;recorrido
Q.PER.VINCULO;persona;¿Qué relación tiene con esa persona?;seleccion_unica;persona;frase;denuncia_robo#12|violencia#4|amenaza_digital#4;;hermano;Mi hermano;HERMANO;persona;afirmado;False;;Es mi hermano.;;False;recorrido
Q.PER.VINCULO;persona;¿Qué relación tiene con esa persona?;seleccion_unica;persona;frase;denuncia_robo#12|violencia#4|amenaza_digital#4;;hermana;Mi hermana;HERMANA;persona;afirmado;False;;Es mi hermana.;;False;recorrido
Q.PER.VINCULO;persona;¿Qué relación tiene con esa persona?;seleccion_unica;persona;frase;denuncia_robo#12|violencia#4|amenaza_digital#4;;pariente;Un pariente;PARIENTE;persona;afirmado;False;;Es un pariente.;;False;recorrido
Q.PER.VINCULO;persona;¿Qué relación tiene con esa persona?;seleccion_unica;persona;frase;denuncia_robo#12|violencia#4|amenaza_digital#4;;amigo;Un amigo;AMIGO;persona;afirmado;False;;Es un amigo.;;False;recorrido
Q.PER.VINCULO;persona;¿Qué relación tiene con esa persona?;seleccion_unica;persona;frase;denuncia_robo#12|violencia#4|amenaza_digital#4;;conocido;Un conocido;CONOCER;hecho|persona;afirmado;False;;Es un conocido.;;False;recorrido
Q.PER.VINCULO;persona;¿Qué relación tiene con esa persona?;seleccion_unica;persona;frase;denuncia_robo#12|violencia#4|amenaza_digital#4;;otro;Otra relación (escribir);;;afirmado;False;texto_detalle;Es {texto}.;;False;recorrido
Q.RIE.AMENAZAS;riesgo;¿Recibió amenazas?;polar3;polaridad;frase;;n-s6-agresion_violenci-06;si;Sí;SÍ;polaridad;afirmado;False;;Sí, recibí amenazas.;;False;respuesta al funcionario
Q.RIE.AMENAZAS;riesgo;¿Recibió amenazas?;polar3;polaridad;frase;;n-s6-agresion_violenci-06;no;No;NO;polaridad;negado;False;;No recibí amenazas.;;False;respuesta al funcionario
Q.RIE.AMENAZAS;riesgo;¿Recibió amenazas?;polar3;polaridad;frase;;n-s6-agresion_violenci-06;no_sabe;No sé;NO_SABER;polaridad;desconocido;False;;No estoy seguro.;;False;respuesta al funcionario
Q.RIE.AUXILIO;riesgo;¿Necesita auxilio ahora?;polar3;polaridad;frase;violencia#2;n-s6-agresion_violenci-08;si;Sí;SÍ;polaridad;afirmado;False;;Sí, necesito auxilio ahora.;;False;recorrido|respuesta al funcionario
Q.RIE.AUXILIO;riesgo;¿Necesita auxilio ahora?;polar3;polaridad;frase;violencia#2;n-s6-agresion_violenci-08;no;No;NO;polaridad;negado;False;;No necesito auxilio ahora.;;False;recorrido|respuesta al funcionario
Q.RIE.AUXILIO;riesgo;¿Necesita auxilio ahora?;polar3;polaridad;frase;violencia#2;n-s6-agresion_violenci-08;no_sabe;No sé;NO_SABER;polaridad;desconocido;False;;No lo sé.;;False;recorrido|respuesta al funcionario
Q.RIE.MIEDO_CASA;riesgo;¿Tiene miedo de volver a su casa?;polar3;polaridad;frase;violencia#12;n-s6-agresion_violenci-07;si;Sí;SÍ;polaridad;afirmado;False;;Sí, tengo miedo de volver a mi casa.;;False;recorrido|respuesta al funcionario
Q.RIE.MIEDO_CASA;riesgo;¿Tiene miedo de volver a su casa?;polar3;polaridad;frase;violencia#12;n-s6-agresion_violenci-07;no;No;NO;polaridad;negado;False;;No tengo miedo de volver a mi casa.;;False;recorrido|respuesta al funcionario
Q.RIE.MIEDO_CASA;riesgo;¿Tiene miedo de volver a su casa?;polar3;polaridad;frase;violencia#12;n-s6-agresion_violenci-07;no_sabe;No sé;NO_SABER;polaridad;desconocido;False;;No lo sé.;;False;recorrido|respuesta al funcionario
Q.RIE.PIDE_PROTECCION;riesgo;¿Necesita protección?;polar3;polaridad;frase;violencia#13;;si;Sí;SÍ;polaridad;afirmado;False;;Sí, necesito protección.;;False;recorrido
Q.RIE.PIDE_PROTECCION;riesgo;¿Necesita protección?;polar3;polaridad;frase;violencia#13;;no;No;NO;polaridad;negado;False;;No necesito protección.;;False;recorrido
Q.RIE.PIDE_PROTECCION;riesgo;¿Necesita protección?;polar3;polaridad;frase;violencia#13;;no_sabe;No sé;NO_SABER;polaridad;desconocido;False;;No lo sé.;;False;recorrido
Q.RIE.PROTECCION_OTROS;riesgo;¿Hay niños u otras personas que necesiten protección?;polar3;polaridad;frase;violencia#14;n-s6-agresion_violenci-09;si;Sí;SÍ;polaridad;afirmado;False;;Sí, hay otras personas que necesitan protección.;;False;recorrido|respuesta al funcionario
Q.RIE.PROTECCION_OTROS;riesgo;¿Hay niños u otras personas que necesiten protección?;polar3;polaridad;frase;violencia#14;n-s6-agresion_violenci-09;no;No;NO;polaridad;negado;False;;No hay otras personas en riesgo.;;False;recorrido|respuesta al funcionario
Q.RIE.PROTECCION_OTROS;riesgo;¿Hay niños u otras personas que necesiten protección?;polar3;polaridad;frase;violencia#14;n-s6-agresion_violenci-09;no_sabe;No sé;NO_SABER;polaridad;desconocido;False;;No lo sé.;;False;recorrido|respuesta al funcionario
Q.RIE.QUIENES;riesgo;¿Quiénes necesitan protección?;seleccion_multiple;persona;frase;violencia#15;;hijo;Mi hijo;HIJO;persona;afirmado;False;;mi hijo;;False;recorrido
Q.RIE.QUIENES;riesgo;¿Quiénes necesitan protección?;seleccion_multiple;persona;frase;violencia#15;;hija;Mi hija;HIJA;persona;afirmado;False;;mi hija;;False;recorrido
Q.RIE.QUIENES;riesgo;¿Quiénes necesitan protección?;seleccion_multiple;persona;frase;violencia#15;;otro;Otra persona (escribir);;;afirmado;False;texto_detalle;«{texto}»;;False;recorrido
Q.ROB.ALGO;robo;¿Le robaron algún objeto?;polar3;polaridad;frase;;n-s6-robo_hurto_y_obje-01;si;Sí;SÍ;polaridad;afirmado;False;;Sí, me robaron algo.;;False;respuesta al funcionario
Q.ROB.ALGO;robo;¿Le robaron algún objeto?;polar3;polaridad;frase;;n-s6-robo_hurto_y_obje-01;no;No;NO;polaridad;negado;False;;No me robaron nada.;;False;respuesta al funcionario
Q.ROB.ALGO;robo;¿Le robaron algún objeto?;polar3;polaridad;frase;;n-s6-robo_hurto_y_obje-01;no_sabe;No sé;NO_SABER;polaridad;desconocido;False;;No sé si me robaron algo.;;False;respuesta al funcionario
Q.ROB.CONFIRMA_OBJETO;robo;¿Le robaron {mencionado}?;polar3;polaridad;frase;;n-s6-robo_hurto_y_obje-03;si;Sí;SÍ;polaridad;afirmado;False;;Sí, me robaron {mencionado}.;;False;respuesta al funcionario
Q.ROB.CONFIRMA_OBJETO;robo;¿Le robaron {mencionado}?;polar3;polaridad;frase;;n-s6-robo_hurto_y_obje-03;no;No;NO;polaridad;negado;False;;No me robaron {mencionado}.;;False;respuesta al funcionario
Q.ROB.CONFIRMA_OBJETO;robo;¿Le robaron {mencionado}?;polar3;polaridad;frase;;n-s6-robo_hurto_y_obje-03;no_sabe;No sé;NO_SABER;polaridad;desconocido;False;;No sé si me robaron {mencionado}.;;False;respuesta al funcionario
Q.ROB.CONFIRMA_OBJETO;robo;¿Le robaron {mencionado}?;polar3;polaridad;frase;;n-s6-robo_hurto_y_obje-03;otra_cosa;Me robaron otra cosa;;;afirmado;False;;"No me robaron {mencionado}; me robaron {Q.ROB.QUE|otra cosa}.";;False;respuesta al funcionario
Q.ROB.FALTA_CARNET;robo;¿Le falta su carnet de identidad?;polar3;polaridad;frase;;n-s6-robo_hurto_y_obje-04;si;Sí;SÍ;polaridad;afirmado;False;;Sí, me falta mi carnet de identidad.;;False;respuesta al funcionario
Q.ROB.FALTA_CARNET;robo;¿Le falta su carnet de identidad?;polar3;polaridad;frase;;n-s6-robo_hurto_y_obje-04;no;No;NO;polaridad;negado;False;;No me falta mi carnet.;;False;respuesta al funcionario
Q.ROB.FALTA_CARNET;robo;¿Le falta su carnet de identidad?;polar3;polaridad;frase;;n-s6-robo_hurto_y_obje-04;no_sabe;No sé;NO_SABER;polaridad;desconocido;False;;No sé si me falta mi carnet.;;False;respuesta al funcionario
Q.ROB.FALTA_DINERO;robo;¿Le falta dinero?;polar3;polaridad;frase;;n-s6-robo_hurto_y_obje-05;si;Sí;SÍ;polaridad;afirmado;False;;Sí, me falta dinero.;;False;respuesta al funcionario
Q.ROB.FALTA_DINERO;robo;¿Le falta dinero?;polar3;polaridad;frase;;n-s6-robo_hurto_y_obje-05;no;No;NO;polaridad;negado;False;;No me falta dinero.;;False;respuesta al funcionario
Q.ROB.FALTA_DINERO;robo;¿Le falta dinero?;polar3;polaridad;frase;;n-s6-robo_hurto_y_obje-05;no_sabe;No sé;NO_SABER;polaridad;desconocido;False;;No sé si me falta dinero.;;False;respuesta al funcionario
Q.ROB.LADRON_ESCAPO;robo;¿El ladrón escapó?;polar3;polaridad;frase;;n-s6-robo_hurto_y_obje-07;si;Sí;SÍ;polaridad;afirmado;False;;Sí, la persona que me robó escapó.;;False;respuesta al funcionario
Q.ROB.LADRON_ESCAPO;robo;¿El ladrón escapó?;polar3;polaridad;frase;;n-s6-robo_hurto_y_obje-07;no;No;NO;polaridad;negado;False;;No, no escapó.;;False;respuesta al funcionario
Q.ROB.LADRON_ESCAPO;robo;¿El ladrón escapó?;polar3;polaridad;frase;;n-s6-robo_hurto_y_obje-07;no_sabe;No sé;NO_SABER;polaridad;desconocido;False;;No sé si escapó.;;False;respuesta al funcionario
Q.ROB.QUE;robo;¿Qué le robaron?;seleccion_multiple;objeto|documento|prenda;fragmento;denuncia_robo#2;n-s6-robo_hurto_y_obje-02;celular;Celular;CELULAR;medio|objeto;afirmado;False;;el celular;;False;recorrido|respuesta al funcionario
Q.ROB.QUE;robo;¿Qué le robaron?;seleccion_multiple;objeto|documento|prenda;fragmento;denuncia_robo#2;n-s6-robo_hurto_y_obje-02;dinero;Dinero;BILLETES;modificador|objeto;afirmado;False;monto;{moneda} {monto};dinero;False;recorrido|respuesta al funcionario
Q.ROB.QUE;robo;¿Qué le robaron?;seleccion_multiple;objeto|documento|prenda;fragmento;denuncia_robo#2;n-s6-robo_hurto_y_obje-02;mochila;Mochila;MOCHILA;objeto|prenda;afirmado;False;;la mochila;;False;recorrido|respuesta al funcionario
Q.ROB.QUE;robo;¿Qué le robaron?;seleccion_multiple;objeto|documento|prenda;fragmento;denuncia_robo#2;n-s6-robo_hurto_y_obje-02;bolsa;Bolsa;BOLSA;objeto|prenda;afirmado;False;;la bolsa;;False;recorrido|respuesta al funcionario
Q.ROB.QUE;robo;¿Qué le robaron?;seleccion_multiple;objeto|documento|prenda;fragmento;denuncia_robo#2;n-s6-robo_hurto_y_obje-02;chamarra;Chamarra;CHAMARRA;objeto|prenda;afirmado;False;;la chamarra;;False;recorrido|respuesta al funcionario
Q.ROB.QUE;robo;¿Qué le robaron?;seleccion_multiple;objeto|documento|prenda;fragmento;denuncia_robo#2;n-s6-robo_hurto_y_obje-02;gorra;Gorra;GORRA;objeto|prenda;afirmado;False;;la gorra;;False;recorrido|respuesta al funcionario
Q.ROB.QUE;robo;¿Qué le robaron?;seleccion_multiple;objeto|documento|prenda;fragmento;denuncia_robo#2;n-s6-robo_hurto_y_obje-02;lentes;Lentes;LENTES;objeto|prenda;afirmado;False;;los lentes;;False;recorrido|respuesta al funcionario
Q.ROB.QUE;robo;¿Qué le robaron?;seleccion_multiple;objeto|documento|prenda;fragmento;denuncia_robo#2;n-s6-robo_hurto_y_obje-02;carnet;Carnet de identidad;PAPEL|IDENTIDAD;documento;afirmado;False;;mi carnet de identidad;;False;recorrido|respuesta al funcionario
Q.ROB.QUE;robo;¿Qué le robaron?;seleccion_multiple;objeto|documento|prenda;fragmento;denuncia_robo#2;n-s6-robo_hurto_y_obje-02;papel;Un papel (no sé cómo se llama);PAPEL;documento;afirmado;False;;{Q.DOC.ACLARAR|un papel};;False;recorrido|respuesta al funcionario
Q.ROB.QUE;robo;¿Qué le robaron?;seleccion_multiple;objeto|documento|prenda;fragmento;denuncia_robo#2;n-s6-robo_hurto_y_obje-02;otro;Otro objeto (escribir);;;afirmado;False;texto_detalle;«{texto}»;;False;recorrido|respuesta al funcionario
Q.ROB.QUE;robo;¿Qué le robaron?;seleccion_multiple;objeto|documento|prenda;fragmento;denuncia_robo#2;n-s6-robo_hurto_y_obje-02;no_sabe;No sé;NO_SABER;polaridad;desconocido;True;;algo que no sé precisar;;False;recorrido|respuesta al funcionario
Q.ROB.VIO_LADRON;robo;¿Vio al ladrón?;polar3;polaridad;frase;;n-s6-robo_hurto_y_obje-06;si;Sí;SÍ;polaridad;afirmado;False;;Sí, vi a la persona que me robó.;;False;respuesta al funcionario
Q.ROB.VIO_LADRON;robo;¿Vio al ladrón?;polar3;polaridad;frase;;n-s6-robo_hurto_y_obje-06;no;No;NO;polaridad;negado;False;;No vi a la persona que me robó.;;False;respuesta al funcionario
Q.ROB.VIO_LADRON;robo;¿Vio al ladrón?;polar3;polaridad;frase;;n-s6-robo_hurto_y_obje-06;no_sabe;No sé;NO_SABER;polaridad;desconocido;False;;No estoy seguro de haberla visto.;;False;respuesta al funcionario
Q.SAL.ASISTENCIA;salud;¿Necesita asistencia médica?;polar3;polaridad;frase;violencia#11;n-s6-agresion_violenci-03;si;Sí;SÍ;polaridad;afirmado;False;;Sí, necesito atención médica.;;False;recorrido|respuesta al funcionario
Q.SAL.ASISTENCIA;salud;¿Necesita asistencia médica?;polar3;polaridad;frase;violencia#11;n-s6-agresion_violenci-03;no;No;NO;polaridad;negado;False;;No necesito atención médica.;;False;recorrido|respuesta al funcionario
Q.SAL.ASISTENCIA;salud;¿Necesita asistencia médica?;polar3;polaridad;frase;violencia#11;n-s6-agresion_violenci-03;no_sabe;No sé;NO_SABER;polaridad;desconocido;False;;No sé si necesito atención médica.;;False;recorrido|respuesta al funcionario
Q.SAL.CERTIFICADO;salud;¿Tiene certificado del doctor?;polar3;polaridad;frase;;n-s6-agresion_violenci-05;si;Sí;SÍ;polaridad;afirmado;False;;Sí, tengo certificado del doctor.;;False;respuesta al funcionario
Q.SAL.CERTIFICADO;salud;¿Tiene certificado del doctor?;polar3;polaridad;frase;;n-s6-agresion_violenci-05;no;No;NO;polaridad;negado;False;;No tengo certificado del doctor.;;False;respuesta al funcionario
Q.SAL.CERTIFICADO;salud;¿Tiene certificado del doctor?;polar3;polaridad;frase;;n-s6-agresion_violenci-05;no_sabe;No sé;NO_SABER;polaridad;desconocido;False;;No sé si tengo el certificado.;;False;respuesta al funcionario
Q.SAL.HERIDO;salud;¿Está herido?;polar3;polaridad;frase;violencia#9;n-s6-agresion_violenci-02;si;Sí;SÍ;polaridad;afirmado;False;;Sí, estoy herido.;;False;recorrido|respuesta al funcionario
Q.SAL.HERIDO;salud;¿Está herido?;polar3;polaridad;frase;violencia#9;n-s6-agresion_violenci-02;no;No;NO;polaridad;negado;False;;No estoy herido.;;False;recorrido|respuesta al funcionario
Q.SAL.HERIDO;salud;¿Está herido?;polar3;polaridad;frase;violencia#9;n-s6-agresion_violenci-02;no_sabe;No sé;NO_SABER;polaridad;desconocido;False;;No estoy seguro de estar herido.;;False;recorrido|respuesta al funcionario
Q.SAL.HOSPITAL;salud;¿Fue al hospital?;polar3;polaridad;frase;;n-s6-agresion_violenci-04;si;Sí;SÍ;polaridad;afirmado;False;;Sí, fui al hospital.;;False;respuesta al funcionario
Q.SAL.HOSPITAL;salud;¿Fue al hospital?;polar3;polaridad;frase;;n-s6-agresion_violenci-04;no;No;NO;polaridad;negado;False;;No fui al hospital.;;False;respuesta al funcionario
Q.SAL.HOSPITAL;salud;¿Fue al hospital?;polar3;polaridad;frase;;n-s6-agresion_violenci-04;no_sabe;No sé;NO_SABER;polaridad;desconocido;False;;No lo recuerdo.;;False;respuesta al funcionario
Q.SAL.PARTE;salud;¿Dónde tiene la herida?;seleccion_unica;parte_cuerpo;frase;violencia#10;;brazo;En el brazo;BRAZO;parte_cuerpo;afirmado;False;;Tengo una herida en el brazo.;;False;recorrido
Q.SAL.PARTE;salud;¿Dónde tiene la herida?;seleccion_unica;parte_cuerpo;frase;violencia#10;;otro;Otra parte (escribir);;;afirmado;False;texto_detalle;Tengo una herida en {texto}.;;False;recorrido
Q.SEG.AUTORIDAD;consulta;¿Con qué institución es su trámite?;seleccion_unica;institucion;frase;seguimiento#6;;policia;Policía;POLICÍA;institucion|persona;afirmado;False;;Mi trámite es con la Policía.;;False;recorrido
Q.SEG.AUTORIDAD;consulta;¿Con qué institución es su trámite?;seleccion_unica;institucion;frase;seguimiento#6;;felcc;FELCC;FELCC;institucion;afirmado;False;;Mi trámite es con la FELCC.;;False;recorrido
Q.SEG.AUTORIDAD;consulta;¿Con qué institución es su trámite?;seleccion_unica;institucion;frase;seguimiento#6;;felcv;FELCV;FELCV;institucion;afirmado;False;;Mi trámite es con la FELCV.;;False;recorrido
Q.SEG.AUTORIDAD;consulta;¿Con qué institución es su trámite?;seleccion_unica;institucion;frase;seguimiento#6;;fiscalia;Fiscalía;FISCALIA;institucion;afirmado;False;;Mi trámite es con la Fiscalía.;;False;recorrido
Q.SEG.AUTORIDAD;consulta;¿Con qué institución es su trámite?;seleccion_unica;institucion;frase;seguimiento#6;;juzgado;Juzgado;JUZGADO;institucion;afirmado;False;;Mi trámite es con el juzgado.;;False;recorrido
Q.SEG.AUTORIDAD;consulta;¿Con qué institución es su trámite?;seleccion_unica;institucion;frase;seguimiento#6;;organo;Órgano Judicial;ÓRGANO_JUDICIAL;institucion;afirmado;False;;Mi trámite es con el Órgano Judicial.;;False;recorrido
Q.SEG.AUTORIDAD;consulta;¿Con qué institución es su trámite?;seleccion_unica;institucion;frase;seguimiento#6;;sepdavi;SEPDAVI;SEPDAVI;institucion;afirmado;False;;Mi trámite es con SEPDAVI.;;False;recorrido
Q.SEG.AUTORIDAD;consulta;¿Con qué institución es su trámite?;seleccion_unica;institucion;frase;seguimiento#6;;sepdep;SEPDEP;SEPDEP;institucion;afirmado;False;;Mi trámite es con SEPDEP.;;False;recorrido
Q.SEG.AUTORIDAD;consulta;¿Con qué institución es su trámite?;seleccion_unica;institucion;frase;seguimiento#6;;no_sabe;No sé;NO_SABER;polaridad;desconocido;True;;No sé con qué institución es mi trámite.;;False;recorrido
Q.SEG.CITACION;seguimiento;¿Recibió un papel de convocatoria?;polar3;polaridad;frase;;n-s6-seguimiento_prelim-08;si;Sí;SÍ;polaridad;afirmado;False;;Sí, recibí una citación.;;False;respuesta al funcionario
Q.SEG.CITACION;seguimiento;¿Recibió un papel de convocatoria?;polar3;polaridad;frase;;n-s6-seguimiento_prelim-08;no;No;NO;polaridad;negado;False;;No recibí ninguna citación.;;False;respuesta al funcionario
Q.SEG.CITACION;seguimiento;¿Recibió un papel de convocatoria?;polar3;polaridad;frase;;n-s6-seguimiento_prelim-08;no_sabe;No sé;NO_SABER;polaridad;desconocido;False;;No sé si es una citación.;;False;respuesta al funcionario
Q.SEG.CONFORMIDAD;seguimiento;¿Está de acuerdo con lo escrito?;alternativa;polaridad|consulta;frase;;n-s6-interaccion_con_fi-08;si;Sí, estoy de acuerdo;ESTAR_DE_ACUERDO;polaridad;afirmado;False;;Sí, estoy de acuerdo con lo escrito.;;False;respuesta al funcionario
Q.SEG.CONFORMIDAD;seguimiento;¿Está de acuerdo con lo escrito?;alternativa;polaridad|consulta;frase;;n-s6-interaccion_con_fi-08;no;No estoy de acuerdo;NO|ESTAR_DE_ACUERDO;polaridad;afirmado;False;;No estoy de acuerdo con lo escrito.;;False;respuesta al funcionario
Q.SEG.CONFORMIDAD;seguimiento;¿Está de acuerdo con lo escrito?;alternativa;polaridad|consulta;frase;;n-s6-interaccion_con_fi-08;leer;Quiero leerlo otra vez;LEER;consulta;afirmado;False;;Quiero leerlo otra vez.;;False;respuesta al funcionario
Q.SEG.CONFORMIDAD;seguimiento;¿Está de acuerdo con lo escrito?;alternativa;polaridad|consulta;frase;;n-s6-interaccion_con_fi-08;no_entiendo;No lo entiendo;NO|COMPRENDER;polaridad;afirmado;False;;No entiendo lo escrito.;;False;respuesta al funcionario
Q.SEG.DEFENSA_PUBLICA;seguimiento;¿Necesita defensa pública gratuita?;polar3;polaridad;frase;;n-s6-seguimiento_prelim-06;si;Sí;SÍ;polaridad;afirmado;False;;Sí, necesito defensa pública gratuita.;;False;respuesta al funcionario
Q.SEG.DEFENSA_PUBLICA;seguimiento;¿Necesita defensa pública gratuita?;polar3;polaridad;frase;;n-s6-seguimiento_prelim-06;no;No;NO;polaridad;negado;False;;No la necesito.;;False;respuesta al funcionario
Q.SEG.DEFENSA_PUBLICA;seguimiento;¿Necesita defensa pública gratuita?;polar3;polaridad;frase;;n-s6-seguimiento_prelim-06;no_sabe;No sé;NO_SABER;polaridad;desconocido;False;;No lo sé.;;False;respuesta al funcionario
Q.SEG.DERIVACION_FISCALIA;seguimiento;¿Le indicaron ir a la Fiscalía?;polar3;polaridad;frase;;n-s6-interaccion_con_fi-02;si;Sí;SÍ;polaridad;afirmado;False;;Sí, me indicaron que debo ir a la Fiscalía.;;False;respuesta al funcionario
Q.SEG.DERIVACION_FISCALIA;seguimiento;¿Le indicaron ir a la Fiscalía?;polar3;polaridad;frase;;n-s6-interaccion_con_fi-02;no;No;NO;polaridad;negado;False;;No me indicaron eso.;;False;respuesta al funcionario
Q.SEG.DERIVACION_FISCALIA;seguimiento;¿Le indicaron ir a la Fiscalía?;polar3;polaridad;frase;;n-s6-interaccion_con_fi-02;no_sabe;No sé;NO_SABER;polaridad;desconocido;False;;No estoy seguro.;;False;respuesta al funcionario
Q.SEG.DONDE_FISCALIA;seguimiento;¿Necesita saber dónde está la Fiscalía?;polar2;polaridad;frase;;n-s6-seguimiento_prelim-07;si;Sí;SÍ;polaridad;afirmado;False;;Sí, necesito saber dónde está la Fiscalía.;;False;respuesta al funcionario
Q.SEG.DONDE_FISCALIA;seguimiento;¿Necesita saber dónde está la Fiscalía?;polar2;polaridad;frase;;n-s6-seguimiento_prelim-07;no;No;NO;polaridad;negado;False;;No, ya sé dónde está.;;False;respuesta al funcionario
Q.SEG.ESTADO_CASO;seguimiento;¿Vino a consultar el estado de su caso?;polar3;polaridad;frase;;n-s6-seguimiento_prelim-01;si;Sí;SÍ;polaridad;afirmado;False;;Sí, vine a consultar el estado de mi caso.;;False;respuesta al funcionario
Q.SEG.ESTADO_CASO;seguimiento;¿Vino a consultar el estado de su caso?;polar3;polaridad;frase;;n-s6-seguimiento_prelim-01;no;No;NO;polaridad;negado;False;;No, vine por otra cosa.;;False;respuesta al funcionario
Q.SEG.ESTADO_CASO;seguimiento;¿Vino a consultar el estado de su caso?;polar3;polaridad;frase;;n-s6-seguimiento_prelim-01;no_sabe;No sé;NO_SABER;polaridad;desconocido;False;;No estoy seguro.;;False;respuesta al funcionario
Q.SEG.FECHA_DENUNCIA;seguimiento;¿Cuándo presentó la denuncia?;tiempo;tiempo;frase;;n-s6-seguimiento_prelim-03;hace_d;Hace … días;DÍA;tiempo;afirmado;False;entero;La presenté hace {n} días.;;False;respuesta al funcionario
Q.SEG.FECHA_DENUNCIA;seguimiento;¿Cuándo presentó la denuncia?;tiempo;tiempo;frase;;n-s6-seguimiento_prelim-03;hace_s;Hace … semanas;SEMANA;tiempo;afirmado;False;entero;La presenté hace {n} semanas.;;False;respuesta al funcionario
Q.SEG.FECHA_DENUNCIA;seguimiento;¿Cuándo presentó la denuncia?;tiempo;tiempo;frase;;n-s6-seguimiento_prelim-03;hace_m;Hace … meses;MES;tiempo;afirmado;False;entero;La presenté hace {n} meses.;;False;respuesta al funcionario
Q.SEG.FECHA_DENUNCIA;seguimiento;¿Cuándo presentó la denuncia?;tiempo;tiempo;frase;;n-s6-seguimiento_prelim-03;ayer;Ayer;AYER;tiempo;afirmado;False;;La presenté ayer.;;False;respuesta al funcionario
Q.SEG.FECHA_DENUNCIA;seguimiento;¿Cuándo presentó la denuncia?;tiempo;tiempo;frase;;n-s6-seguimiento_prelim-03;no_recuerda;No recuerdo;RECORDAR|NO;hecho|polaridad;desconocido;True;;No recuerdo cuándo la presenté.;;False;respuesta al funcionario
Q.SEG.FECHA_PROGRAMADA;consulta;¿Para cuándo le dieron fecha?;tiempo;tiempo;frase;seguimiento#4;;hoy;Hoy;HOY;tiempo;afirmado;False;;Me dieron fecha para hoy.;;False;recorrido
Q.SEG.FECHA_PROGRAMADA;consulta;¿Para cuándo le dieron fecha?;tiempo;tiempo;frase;seguimiento#4;;manana;Mañana;MAÑANA;tiempo;afirmado;False;;Me dieron fecha para mañana.;;False;recorrido
Q.SEG.FECHA_PROGRAMADA;consulta;¿Para cuándo le dieron fecha?;tiempo;tiempo;frase;seguimiento#4;;proxima_semana;La próxima semana;PRÓXIMO|SEMANA;modificador|tiempo;afirmado;False;;Me dieron fecha para la próxima semana.;;False;recorrido
Q.SEG.FECHA_PROGRAMADA;consulta;¿Para cuándo le dieron fecha?;tiempo;tiempo;frase;seguimiento#4;;fecha;Escribir la fecha;FECHA;tiempo;afirmado;False;texto_detalle;Me dieron fecha para el {texto}.;;False;recorrido
Q.SEG.FECHA_PROGRAMADA;consulta;¿Para cuándo le dieron fecha?;tiempo;tiempo;frase;seguimiento#4;;no_sabe;No sé;NO_SABER;polaridad;desconocido;True;;No sé para cuándo es.;;False;recorrido
Q.SEG.HABLAR_ABOGADO;seguimiento;¿Necesita hablar con un abogado?;polar3;polaridad;frase;;n-s6-seguimiento_prelim-05;si;Sí;SÍ;polaridad;afirmado;False;;Sí, necesito hablar con un abogado.;;False;respuesta al funcionario
Q.SEG.HABLAR_ABOGADO;seguimiento;¿Necesita hablar con un abogado?;polar3;polaridad;frase;;n-s6-seguimiento_prelim-05;no;No;NO;polaridad;negado;False;;No necesito hablar con un abogado.;;False;respuesta al funcionario
Q.SEG.HABLAR_ABOGADO;seguimiento;¿Necesita hablar con un abogado?;polar3;polaridad;frase;;n-s6-seguimiento_prelim-05;no_sabe;No sé;NO_SABER;polaridad;desconocido;False;;No lo sé.;;False;respuesta al funcionario
Q.SEG.HABLAR_FISCAL;seguimiento;¿Necesita hablar con el fiscal?;polar3;polaridad;frase;;n-s6-interaccion_con_fi-01;si;Sí;SÍ;polaridad;afirmado;False;;Sí, necesito hablar con el fiscal.;;False;respuesta al funcionario
Q.SEG.HABLAR_FISCAL;seguimiento;¿Necesita hablar con el fiscal?;polar3;polaridad;frase;;n-s6-interaccion_con_fi-01;no;No;NO;polaridad;negado;False;;No necesito hablar con el fiscal.;;False;respuesta al funcionario
Q.SEG.HABLAR_FISCAL;seguimiento;¿Necesita hablar con el fiscal?;polar3;polaridad;frase;;n-s6-interaccion_con_fi-01;no_sabe;No sé;NO_SABER;polaridad;desconocido;False;;No lo sé.;;False;respuesta al funcionario
Q.SEG.HABLAR_POLICIA;seguimiento;¿Quiere hablar con el policía encargado?;polar3;polaridad;frase;;n-s6-seguimiento_prelim-04;si;Sí;SÍ;polaridad;afirmado;False;;Sí, quiero hablar con el policía encargado.;;False;respuesta al funcionario
Q.SEG.HABLAR_POLICIA;seguimiento;¿Quiere hablar con el policía encargado?;polar3;polaridad;frase;;n-s6-seguimiento_prelim-04;no;No;NO;polaridad;negado;False;;No hace falta.;;False;respuesta al funcionario
Q.SEG.HABLAR_POLICIA;seguimiento;¿Quiere hablar con el policía encargado?;polar3;polaridad;frase;;n-s6-seguimiento_prelim-04;no_sabe;No sé;NO_SABER;polaridad;desconocido;False;;No lo sé.;;False;respuesta al funcionario
Q.SEG.INTERPRETE_REUNION;seguimiento;¿Necesita intérprete para esa reunión?;polar3;polaridad;frase;;n-s6-interaccion_con_fi-06;si;Sí;SÍ;polaridad;afirmado;False;;Sí, necesito intérprete para esa reunión.;;False;respuesta al funcionario
Q.SEG.INTERPRETE_REUNION;seguimiento;¿Necesita intérprete para esa reunión?;polar3;polaridad;frase;;n-s6-interaccion_con_fi-06;no;No;NO;polaridad;negado;False;;No necesito intérprete para esa reunión.;;False;respuesta al funcionario
Q.SEG.INTERPRETE_REUNION;seguimiento;¿Necesita intérprete para esa reunión?;polar3;polaridad;frase;;n-s6-interaccion_con_fi-06;no_sabe;No sé;NO_SABER;polaridad;desconocido;False;;No lo sé.;;False;respuesta al funcionario
Q.SEG.JUEZ;seguimiento;¿Debe presentarse ante un juez?;polar3;polaridad;frase;;n-s6-interaccion_con_fi-04;si;Sí;SÍ;polaridad;afirmado;False;;Sí, tengo que presentarme ante un juez.;;False;respuesta al funcionario
Q.SEG.JUEZ;seguimiento;¿Debe presentarse ante un juez?;polar3;polaridad;frase;;n-s6-interaccion_con_fi-04;no;No;NO;polaridad;negado;False;;No tengo que presentarme ante un juez.;;False;respuesta al funcionario
Q.SEG.JUEZ;seguimiento;¿Debe presentarse ante un juez?;polar3;polaridad;frase;;n-s6-interaccion_con_fi-04;no_sabe;No sé;NO_SABER;polaridad;desconocido;False;;No sé si tengo que presentarme.;;False;respuesta al funcionario
Q.SEG.LEER_ANTES_FIRMAR;seguimiento;¿Quiere leer el papel antes de escribir su nombre?;polar3;polaridad;frase;;n-s6-interaccion_con_fi-07;si;Sí;SÍ;polaridad;afirmado;False;;Sí, quiero leer el papel antes de escribir mi nombre.;;False;respuesta al funcionario
Q.SEG.LEER_ANTES_FIRMAR;seguimiento;¿Quiere leer el papel antes de escribir su nombre?;polar3;polaridad;frase;;n-s6-interaccion_con_fi-07;no;No;NO;polaridad;negado;False;;No hace falta.;;False;respuesta al funcionario
Q.SEG.LEER_ANTES_FIRMAR;seguimiento;¿Quiere leer el papel antes de escribir su nombre?;polar3;polaridad;frase;;n-s6-interaccion_con_fi-07;no_sabe;No sé;NO_SABER;polaridad;desconocido;False;;No lo sé.;;False;respuesta al funcionario
Q.SEG.MOTIVO;consulta;¿Qué quiere consultar?;seleccion_unica;consulta|documento;frase;seguimiento#1;;estado;El estado de mi caso;INVESTIGACIÓN|SABER|QUERER;consulta;afirmado;False;;Quiero saber cómo va la investigación de mi caso.;;False;recorrido
Q.SEG.MOTIVO;consulta;¿Qué quiere consultar?;seleccion_unica;consulta|documento;frase;seguimiento#1;;continua;Si la investigación continúa;INVESTIGACIÓN|CONTINUAR|SABER;consulta;afirmado;False;;Quiero saber si la investigación continúa.;;False;recorrido
Q.SEG.MOTIVO;consulta;¿Qué quiere consultar?;seleccion_unica;consulta|documento;frase;seguimiento#1;;volver;Cuándo debo volver;CUÁNDO|VOLVER;interrogativa;afirmado;False;;Quiero saber cuándo debo volver.;;False;recorrido
Q.SEG.MOTIVO;consulta;¿Qué quiere consultar?;seleccion_unica;consulta|documento;frase;seguimiento#1;;esperar;Cuánto debo esperar;ESPERAR|CUÁNTOS;consulta;afirmado;False;;Quiero saber cuánto tiempo debo esperar.;;False;recorrido
Q.SEG.MOTIVO;consulta;¿Qué quiere consultar?;seleccion_unica;consulta|documento;frase;seguimiento#1;;citacion;Una citación que recibí;PAPEL|CONVOCAR|RECIBIR;documento;afirmado;False;;Recibí una citación y quiero consultar sobre ella.;;False;recorrido
Q.SEG.MOTIVO;consulta;¿Qué quiere consultar?;seleccion_unica;consulta|documento;frase;seguimiento#1;;resolucion;Una resolución que recibí;RESOLUCIÓN|RECIBIR;documento;afirmado;False;;Recibí una resolución y quiero consultar sobre ella.;;False;recorrido
Q.SEG.MOTIVO;consulta;¿Qué quiere consultar?;seleccion_unica;consulta|documento;frase;seguimiento#1;;fotocopia;Pedir una fotocopia;FOTOCOPIA|PEDIR;documento;afirmado;False;;Quiero pedir una fotocopia.;;False;recorrido
Q.SEG.MOTIVO;consulta;¿Qué quiere consultar?;seleccion_unica;consulta|documento;frase;seguimiento#1;;hablar;Hablar con alguien;HABLAR;consulta;afirmado;False;;;;False;recorrido
Q.SEG.MOTIVO;consulta;¿Qué quiere consultar?;seleccion_unica;consulta|documento;frase;seguimiento#1;;donde;Dónde queda una oficina;DÓNDE;interrogativa;afirmado;False;;;;False;recorrido
Q.SEG.MOTIVO;consulta;¿Qué quiere consultar?;seleccion_unica;consulta|documento;frase;seguimiento#1;;otro;Otra consulta (escribir);;;afirmado;False;texto_detalle;Quiero consultar esto: «{texto}».;;True;recorrido
Q.SEG.NUM_REFERENCIA;seguimiento;¿Tiene el número de referencia?;polar3;polaridad;frase;seguimiento#5;n-s6-seguimiento_prelim-02;si;Sí;SÍ;polaridad;afirmado;False;documento_numero;Sí, el número de referencia es {numero}.;Sí, tengo el número de referencia.;False;recorrido|respuesta al funcionario
Q.SEG.NUM_REFERENCIA;seguimiento;¿Tiene el número de referencia?;polar3;polaridad;frase;seguimiento#5;n-s6-seguimiento_prelim-02;no;No;NO;polaridad;negado;False;;No tengo el número de referencia.;;False;recorrido|respuesta al funcionario
Q.SEG.NUM_REFERENCIA;seguimiento;¿Tiene el número de referencia?;polar3;polaridad;frase;seguimiento#5;n-s6-seguimiento_prelim-02;no_sabe;No sé;NO_SABER;polaridad;desconocido;False;;No sé si lo tengo.;;False;recorrido|respuesta al funcionario
Q.SEG.ORGANO_JUDICIAL;seguimiento;¿Sabe dónde está el Órgano Judicial?;polar2;polaridad;frase;;n-s6-interaccion_con_fi-05;si;Sí;SÍ;polaridad;afirmado;False;;Sí, sé dónde está.;;False;respuesta al funcionario
Q.SEG.ORGANO_JUDICIAL;seguimiento;¿Sabe dónde está el Órgano Judicial?;polar2;polaridad;frase;;n-s6-interaccion_con_fi-05;no;No;NO;polaridad;negado;False;;No sé dónde está el Órgano Judicial.;;False;respuesta al funcionario
Q.SEG.RESOLUCION;seguimiento;¿Recibió una resolución?;polar3;polaridad;frase;;n-s6-interaccion_con_fi-03;si;Sí;SÍ;polaridad;afirmado;False;;Sí, recibí una resolución.;;False;respuesta al funcionario
Q.SEG.RESOLUCION;seguimiento;¿Recibió una resolución?;polar3;polaridad;frase;;n-s6-interaccion_con_fi-03;no;No;NO;polaridad;negado;False;;No recibí ninguna resolución.;;False;respuesta al funcionario
Q.SEG.RESOLUCION;seguimiento;¿Recibió una resolución?;polar3;polaridad;frase;;n-s6-interaccion_con_fi-03;no_sabe;No sé;NO_SABER;polaridad;desconocido;False;;No sé si es una resolución.;;False;respuesta al funcionario
Q.SEG.RETORNO;seguimiento;¿Tiene que volver otro día?;polar3;polaridad;frase;;n-s6-seguimiento_prelim-09;si;Sí;SÍ;polaridad;afirmado;False;;Sí, tengo que volver otro día.;;False;respuesta al funcionario
Q.SEG.RETORNO;seguimiento;¿Tiene que volver otro día?;polar3;polaridad;frase;;n-s6-seguimiento_prelim-09;no;No;NO;polaridad;negado;False;;No tengo que volver.;;False;respuesta al funcionario
Q.SEG.RETORNO;seguimiento;¿Tiene que volver otro día?;polar3;polaridad;frase;;n-s6-seguimiento_prelim-09;no_sabe;No sé;NO_SABER;polaridad;desconocido;False;;No sé si tengo que volver.;;False;respuesta al funcionario
Q.TES.CANTIDAD;testigos;¿Cuántos testigos hay?;seleccion_unica;cantidad;fragmento;denuncia_robo#21;n-s6-testigos_fotos_v-02;n;Escribir cuántos;;;afirmado;False;entero;{n} testigos;;False;recorrido|respuesta al funcionario
Q.TES.CANTIDAD;testigos;¿Cuántos testigos hay?;seleccion_unica;cantidad;fragmento;denuncia_robo#21;n-s6-testigos_fotos_v-02;no_sabe;No sé;NO_SABER;polaridad;desconocido;True;;testigos, pero no sé cuántos;;False;recorrido|respuesta al funcionario
Q.TES.EXISTE;testigos;¿Hay testigos?;polar3;polaridad;frase;denuncia_robo#20;n-s6-robo_hurto_y_obje-10|n-s6-testigos_fotos_v-01;si;Sí;SÍ;polaridad;afirmado;False;;Sí, hay {Q.TES.CANTIDAD|testigos}.;;False;recorrido|respuesta al funcionario
Q.TES.EXISTE;testigos;¿Hay testigos?;polar3;polaridad;frase;denuncia_robo#20;n-s6-robo_hurto_y_obje-10|n-s6-testigos_fotos_v-01;no;No;NO;polaridad;negado;False;;No hay testigos.;;False;recorrido|respuesta al funcionario
Q.TES.EXISTE;testigos;¿Hay testigos?;polar3;polaridad;frase;denuncia_robo#20;n-s6-robo_hurto_y_obje-10|n-s6-testigos_fotos_v-01;no_sabe;No sé;NO_SABER;polaridad;desconocido;False;;No sé si hay testigos.;;False;recorrido|respuesta al funcionario
Q.TES.PUEDE_TESTIMONIO;testigos;¿Puede dar testimonio de lo que vio?;polar3;polaridad;frase;otro#5;;si;Sí;SÍ;polaridad;afirmado;False;;Sí, puedo dar testimonio de lo que vi.;;False;recorrido
Q.TES.PUEDE_TESTIMONIO;testigos;¿Puede dar testimonio de lo que vio?;polar3;polaridad;frase;otro#5;;no;No;NO;polaridad;negado;False;;No puedo dar testimonio.;;False;recorrido
Q.TES.PUEDE_TESTIMONIO;testigos;¿Puede dar testimonio de lo que vio?;polar3;polaridad;frase;otro#5;;no_sabe;No sé;NO_SABER;polaridad;desconocido;False;;No sé si puedo dar testimonio.;;False;recorrido
Q.TES.QUE_VIO;testigos;¿Qué vio o qué quiere declarar?;seleccion_unica;hecho;frase;otro#1;;robo;Vi un robo;VER|ROBAR;hecho;afirmado;False;;Vi un robo.;;False;recorrido
Q.TES.QUE_VIO;testigos;¿Qué vio o qué quiere declarar?;seleccion_unica;hecho;frase;otro#1;;agresion;Vi una agresión;VER|PEGAR;hecho;afirmado;False;;Vi que golpearon a una persona.;;False;recorrido
Q.TES.QUE_VIO;testigos;¿Qué vio o qué quiere declarar?;seleccion_unica;hecho;frase;otro#1;;escape;Vi que alguien escapó;VER|ESCAPAR;hecho;afirmado;False;;Vi que alguien escapó.;;False;recorrido
Q.TES.QUE_VIO;testigos;¿Qué vio o qué quiere declarar?;seleccion_unica;hecho;frase;otro#1;;dano;Vi que dañaron algo;VER|DAÑAR;hecho;afirmado;False;;Vi que dañaron algo.;;False;recorrido
Q.TES.QUE_VIO;testigos;¿Qué vio o qué quiere declarar?;seleccion_unica;hecho;frase;otro#1;;otro;Otra cosa que vi (escribir);;;afirmado;False;texto_detalle;Vi esto: «{texto}».;;False;recorrido
Q.TES.QUE_VIO;testigos;¿Qué vio o qué quiere declarar?;seleccion_unica;hecho;frase;otro#1;;agregar;Quiero agregar información a lo que dije;AUMENTAR|NARRAR|QUERER;hecho;afirmado;False;;Quiero agregar información a lo que dije.;;False;recorrido
Q.TES.QUE_VIO;testigos;¿Qué vio o qué quiere declarar?;seleccion_unica;hecho;frase;otro#1;;corregir;Quiero corregir algo de lo que dije;ARREGLAR;hecho;afirmado;False;;Quiero corregir algo de lo que dije.;;False;recorrido
Q.TES.TRAER;testigos;¿Puede traer al testigo?;polar3;polaridad;frase;;n-s6-testigos_fotos_v-04;si;Sí;SÍ;polaridad;afirmado;False;;Sí, puedo traer al testigo.;;False;respuesta al funcionario
Q.TES.TRAER;testigos;¿Puede traer al testigo?;polar3;polaridad;frase;;n-s6-testigos_fotos_v-04;no;No;NO;polaridad;negado;False;;No puedo traer al testigo.;;False;respuesta al funcionario
Q.TES.TRAER;testigos;¿Puede traer al testigo?;polar3;polaridad;frase;;n-s6-testigos_fotos_v-04;no_sabe;No sé;NO_SABER;polaridad;desconocido;False;;No sé si puedo traerlo.;;False;respuesta al funcionario
Q.TES.VIO_TODO;testigos;¿El testigo vio todo?;polar3;polaridad;frase;;n-s6-testigos_fotos_v-03;si;Sí;SÍ;polaridad;afirmado;False;;Sí, el testigo vio todo.;;False;respuesta al funcionario
Q.TES.VIO_TODO;testigos;¿El testigo vio todo?;polar3;polaridad;frase;;n-s6-testigos_fotos_v-03;no;No;NO;polaridad;negado;False;;No, el testigo no vio todo.;;False;respuesta al funcionario
Q.TES.VIO_TODO;testigos;¿El testigo vio todo?;polar3;polaridad;frase;;n-s6-testigos_fotos_v-03;no_sabe;No sé;NO_SABER;polaridad;desconocido;False;;No sé si el testigo vio todo.;;False;respuesta al funcionario
Q.TIE.APROX;tiempo;¿Fue hoy, ayer o antes?;alternativa;tiempo;frase;;n-s6-inicio_de_denuncia-05;hoy;Hoy;HOY;tiempo;afirmado;False;;Fue hoy.;;False;respuesta al funcionario
Q.TIE.APROX;tiempo;¿Fue hoy, ayer o antes?;alternativa;tiempo;frase;;n-s6-inicio_de_denuncia-05;ayer;Ayer;AYER;tiempo;afirmado;False;;Fue ayer.;;False;respuesta al funcionario
Q.TIE.APROX;tiempo;¿Fue hoy, ayer o antes?;alternativa;tiempo;frase;;n-s6-inicio_de_denuncia-05;antes;Antes;PASADO;modificador|tiempo;afirmado;False;;Fue antes de ayer o hace más tiempo.;;False;respuesta al funcionario
Q.TIE.APROX;tiempo;¿Fue hoy, ayer o antes?;alternativa;tiempo;frase;;n-s6-inicio_de_denuncia-05;no_recuerda;No recuerdo;RECORDAR|NO;hecho|polaridad;desconocido;True;;No recuerdo cuándo fue.;;False;respuesta al funcionario
Q.TIE.CUANDO;tiempo;¿Cuándo ocurrió?;seleccion_multiple;tiempo;frase;denuncia_robo#8|violencia#6|otro#3;n-s6-inicio_de_denuncia-04;ahora;Ahora mismo;AHORA;tiempo;afirmado;False;;hace un momento;;False;recorrido|respuesta al funcionario
Q.TIE.CUANDO;tiempo;¿Cuándo ocurrió?;seleccion_multiple;tiempo;frase;denuncia_robo#8|violencia#6|otro#3;n-s6-inicio_de_denuncia-04;hoy;Hoy;HOY;tiempo;afirmado;False;;hoy;;False;recorrido|respuesta al funcionario
Q.TIE.CUANDO;tiempo;¿Cuándo ocurrió?;seleccion_multiple;tiempo;frase;denuncia_robo#8|violencia#6|otro#3;n-s6-inicio_de_denuncia-04;ayer;Ayer;AYER;tiempo;afirmado;False;;ayer;;False;recorrido|respuesta al funcionario
Q.TIE.CUANDO;tiempo;¿Cuándo ocurrió?;seleccion_multiple;tiempo;frase;denuncia_robo#8|violencia#6|otro#3;n-s6-inicio_de_denuncia-04;anteayer;Anteayer;ANTEAYER;tiempo;afirmado;False;;anteayer;;False;recorrido|respuesta al funcionario
Q.TIE.CUANDO;tiempo;¿Cuándo ocurrió?;seleccion_multiple;tiempo;frase;denuncia_robo#8|violencia#6|otro#3;n-s6-inicio_de_denuncia-04;hace_min;Hace … minutos;MINUTO;tiempo;afirmado;False;entero;hace {n} minutos;;False;recorrido|respuesta al funcionario
Q.TIE.CUANDO;tiempo;¿Cuándo ocurrió?;seleccion_multiple;tiempo;frase;denuncia_robo#8|violencia#6|otro#3;n-s6-inicio_de_denuncia-04;hace_h;Hace … horas;HORA;tiempo;afirmado;False;entero;hace {n} horas;;False;recorrido|respuesta al funcionario
Q.TIE.CUANDO;tiempo;¿Cuándo ocurrió?;seleccion_multiple;tiempo;frase;denuncia_robo#8|violencia#6|otro#3;n-s6-inicio_de_denuncia-04;hace_d;Hace … días;DÍA;tiempo;afirmado;False;entero;hace {n} días;;False;recorrido|respuesta al funcionario
Q.TIE.CUANDO;tiempo;¿Cuándo ocurrió?;seleccion_multiple;tiempo;frase;denuncia_robo#8|violencia#6|otro#3;n-s6-inicio_de_denuncia-04;hace_s;Hace … semanas;SEMANA;tiempo;afirmado;False;entero;hace {n} semanas;;False;recorrido|respuesta al funcionario
Q.TIE.CUANDO;tiempo;¿Cuándo ocurrió?;seleccion_multiple;tiempo;frase;denuncia_robo#8|violencia#6|otro#3;n-s6-inicio_de_denuncia-04;hace_m;Hace … meses;MES;tiempo;afirmado;False;entero;hace {n} meses;;False;recorrido|respuesta al funcionario
Q.TIE.CUANDO;tiempo;¿Cuándo ocurrió?;seleccion_multiple;tiempo;frase;denuncia_robo#8|violencia#6|otro#3;n-s6-inicio_de_denuncia-04;tarde;Por la tarde;TARDE;tiempo;afirmado;False;;por la tarde;;False;recorrido|respuesta al funcionario
Q.TIE.CUANDO;tiempo;¿Cuándo ocurrió?;seleccion_multiple;tiempo;frase;denuncia_robo#8|violencia#6|otro#3;n-s6-inicio_de_denuncia-04;temprano;Temprano;TEMPRANO;tiempo;afirmado;False;;temprano;;False;recorrido|respuesta al funcionario
Q.TIE.CUANDO;tiempo;¿Cuándo ocurrió?;seleccion_multiple;tiempo;frase;denuncia_robo#8|violencia#6|otro#3;n-s6-inicio_de_denuncia-04;no_recuerda;No recuerdo;RECORDAR|NO;hecho|polaridad;desconocido;True;;No recuerdo cuándo ocurrió.;;False;recorrido|respuesta al funcionario
Q.TIE.HORA;tiempo;¿A qué hora aproximadamente?;hora;tiempo;frase;;n-s6-inicio_de_denuncia-06;hora;Escribir la hora;;;afirmado;False;hora;Fue aproximadamente a las {hora}.;;False;respuesta al funcionario
Q.TIE.HORA;tiempo;¿A qué hora aproximadamente?;hora;tiempo;frase;;n-s6-inicio_de_denuncia-06;tarde;Por la tarde;TARDE;tiempo;afirmado;False;;Fue por la tarde.;;False;respuesta al funcionario
Q.TIE.HORA;tiempo;¿A qué hora aproximadamente?;hora;tiempo;frase;;n-s6-inicio_de_denuncia-06;temprano;Temprano;TEMPRANO;tiempo;afirmado;False;;Fue temprano.;;False;respuesta al funcionario
Q.TIE.HORA;tiempo;¿A qué hora aproximadamente?;hora;tiempo;frase;;n-s6-inicio_de_denuncia-06;no_recuerda;No recuerdo;RECORDAR|NO;hecho|polaridad;desconocido;True;;No recuerdo la hora exacta.;;False;respuesta al funcionario
Q.VIO.AGRESION;violencia;¿Alguien le pegó o maltrató?;polar3;polaridad;frase;;n-s6-agresion_violenci-01;si;Sí;SÍ;polaridad;afirmado;False;;Sí, me agredieron.;;False;respuesta al funcionario
Q.VIO.AGRESION;violencia;¿Alguien le pegó o maltrató?;polar3;polaridad;frase;;n-s6-agresion_violenci-01;no;No;NO;polaridad;negado;False;;No, nadie me pegó ni me maltrató.;;False;respuesta al funcionario
Q.VIO.AGRESION;violencia;¿Alguien le pegó o maltrató?;polar3;polaridad;frase;;n-s6-agresion_violenci-01;no_sabe;No sé;NO_SABER;polaridad;desconocido;False;;No estoy seguro.;;False;respuesta al funcionario
Q.VIO.AGRESOR;violencia;¿Quién le agredió?;persona_identidad;persona;frase;violencia#3;;conoce;Alguien que conozco;CONOCER;hecho|persona;afirmado;False;;Fue alguien que conozco.;;False;recorrido
Q.VIO.AGRESOR;violencia;¿Quién le agredió?;persona_identidad;persona;frase;violencia#3;;hombre;Un hombre que no conozco;HOMBRE;persona;afirmado;False;;Fue un hombre que no conozco.;;False;recorrido
Q.VIO.AGRESOR;violencia;¿Quién le agredió?;persona_identidad;persona;frase;violencia#3;;mujer;Una mujer que no conozco;MUJER;persona;afirmado;False;;Fue una mujer que no conozco.;;False;recorrido
Q.VIO.AGRESOR;violencia;¿Quién le agredió?;persona_identidad;persona;frase;violencia#3;;no_sabe;No sé;NO_SABER;polaridad;desconocido;True;;No sé quién fue.;;False;recorrido
Q.VIO.ASISTENCIA_ESPECIALIZADA;apoyo;¿Desea asistencia especializada?;polar3;polaridad;frase;violencia#18;;si;Sí;SÍ;polaridad;afirmado;False;;Sí, quiero asistencia.;;False;recorrido
Q.VIO.ASISTENCIA_ESPECIALIZADA;apoyo;¿Desea asistencia especializada?;polar3;polaridad;frase;violencia#18;;no;No;NO;polaridad;negado;False;;Por ahora no quiero asistencia.;;False;recorrido
Q.VIO.ASISTENCIA_ESPECIALIZADA;apoyo;¿Desea asistencia especializada?;polar3;polaridad;frase;violencia#18;;no_sabe;No sé;NO_SABER;polaridad;desconocido;False;;Todavía no lo sé.;;False;recorrido
Q.VIO.FRECUENCIA;violencia;¿Es la primera vez o pasa seguido?;alternativa;frecuencia;frase;violencia#7;;primera;Es la primera vez;PRIMERA_VEZ;frecuencia|tiempo;afirmado;False;;Es la primera vez.;;False;recorrido
Q.VIO.FRECUENCIA;violencia;¿Es la primera vez o pasa seguido?;alternativa;frecuencia;frase;violencia#7;;siempre;Pasa siempre;SIEMPRE;frecuencia|tiempo;afirmado;False;;Pasa siempre.;;False;recorrido
Q.VIO.FRECUENCIA;violencia;¿Es la primera vez o pasa seguido?;alternativa;frecuencia;frase;violencia#7;;cada_dia;Pasa cada día;CADA_DÍA;frecuencia|tiempo;afirmado;False;;Pasa todos los días.;;False;recorrido
Q.VIO.FRECUENCIA;violencia;¿Es la primera vez o pasa seguido?;alternativa;frecuencia;frase;violencia#7;;no_sabe;No sé;NO_SABER;polaridad;desconocido;True;;No sé decirlo.;;False;recorrido
Q.VIO.TIPO;violencia;¿Qué le hicieron?;seleccion_multiple;hecho;frase;violencia#1;;pegar;Me pegaron;PEGAR;hecho;afirmado;False;;Me pegaron.;;False;recorrido
Q.VIO.TIPO;violencia;¿Qué le hicieron?;seleccion_multiple;hecho;frase;violencia#1;;maltratar;Me maltrataron;MALTRATAR;hecho;afirmado;False;;Me maltrataron.;;False;recorrido
Q.VIO.TIPO;violencia;¿Qué le hicieron?;seleccion_multiple;hecho;frase;violencia#1;;amenazar;Me amenazaron;AMENAZAR;hecho;afirmado;False;;Me amenazaron.;;False;recorrido
Q.VIO.TIPO;violencia;¿Qué le hicieron?;seleccion_multiple;hecho;frase;violencia#1;;gritar;Me gritaron;GRITAR;hecho;afirmado;False;;Me gritaron.;;False;recorrido
Q.VIO.TIPO;violencia;¿Qué le hicieron?;seleccion_multiple;hecho;frase;violencia#1;;abusar;Abusaron de mí;ABUSAR;hecho;afirmado;False;;Abusaron de mí.;;False;recorrido
Q.VIO.TIPO;violencia;¿Qué le hicieron?;seleccion_multiple;hecho;frase;violencia#1;;violencia;Sufrí violencia;VIOLENCIA;estado|hecho;afirmado;False;;Sufrí violencia.;;False;recorrido
Q.VIO.TIPO;violencia;¿Qué le hicieron?;seleccion_multiple;hecho;frase;violencia#1;;danar;Dañaron mis cosas;DAÑAR;hecho;afirmado;False;;Dañaron mis cosas.;;False;recorrido
