id;glosa;claseLexica;significadoDocumentado;idCorpus;referenciaCorpus;estadoValidacion;rolEnsamblador;funcionSemantica;necesidades;fuenteNecesidad;soloTransversal;camposRespuesta;actosComunicativos;nodosQueLaUsan;representacion;avatar;restriccion;motivoSinUso
g001;YO;sena_lexica;Yo;M1-T14-01;M1 · Pronombres · p.113;trazada en corpus §12;sujeto;participante;consultas|denuncias|tramites;uso en el grafo;False;amount|evidence|free_text|institution|object|person|place|polarity|time;question|statement;18;sena_documentada;placeholder;;
g002;ÉL;sena_lexica;Él;M1-T14-04;M1 · Pronombres · p.113;trazada en corpus §12;sujeto;participante;consultas|denuncias|tramites;uso en el grafo;False;free_text|object|person|polarity;question|statement;7;sena_documentada;placeholder;;
g003;TÚ;sena_lexica;Tú;M1-T14-02;M1 · Pronombres · p.113;trazada en corpus §12;sujeto;participante;consultas|denuncias|tramites;uso en el grafo;False;free_text|person|polarity;question;9;sena_documentada;placeholder;;
g004;SÍ;sena_lexica;Sí;M1-T01-16;M1 · Saludos · p.55;trazada en corpus §12;marcador;marcador;consultas|denuncias|tramites;uso en el grafo;False;evidence|free_text|institution|object|person|place|polarity|time;question;138;sena_documentada;baked;;
g005;ESCRIBIR;sena_lexica;Escribir;M1-T12-15;M1 · Verbos · p.101;trazada en corpus §12;verboAccion;accion;consultas|denuncias|tramites;uso en el grafo;False;free_text|object|polarity|time;question|statement;19;sena_documentada;placeholder;;
g006;PAPEL;sena_lexica;Papel;M1-T13-17;M1 · Sustantivos · p.107;trazada en corpus §12;documento;evidencia;consultas|denuncias|tramites;uso en el grafo;False;evidence|free_text|person|polarity|time;question|statement;11;sena_documentada;placeholder;No es un documento genérico. No sustituye FOLIO REAL, ESCRITURA ni CÉDULA (corpus §4: preferir el objeto concreto).;
g007;CELULAR;sena_lexica;Celular;M2-T07-11;M2 · Sustantivo II · p.61;trazada en corpus §12;objeto;objeto;consultas|denuncias|tramites;uso en el grafo;False;evidence|object|polarity;question|statement;23;sena_documentada;placeholder;Polisémica por papel, no por seña: objeto sustraído o medio de contacto. Lo decide el campo que se responde, no la necesidad activa.;
g008;NECESITAR;sena_lexica;Necesitar;M2-T02-06;M2 · Verbos II · p.41;trazada en corpus §12;verboAccion;accion;consultas|denuncias|tramites;uso en el grafo;False;evidence|free_text|institution|object|person|polarity;question|statement;28;sena_documentada;placeholder;;
g009;QUERER;sena_lexica;Querer;M1-T12-11;M1 · Verbos · p.101;trazada en corpus §12;verboAccion;accion;consultas|denuncias|tramites;uso en el grafo;False;free_text|institution|polarity|time;question|statement;12;sena_documentada;placeholder;;
g010;PUEDO;sena_lexica;Puedo;M1-T01-11;M1 · Saludos · p.55;trazada en corpus §12;marcador;marcador;consultas|denuncias|tramites;uso en el grafo;False;evidence|free_text|institution|object|person|place|polarity|time;question|statement;35;sena_documentada;placeholder;;
g011;VOLVER;sena_lexica;Volver;M2-T02-13;M2 · Verbos II · p.41;trazada en corpus §12;verboAccion;accion;consultas|denuncias|tramites;uso en el grafo;False;free_text|polarity|time;question|statement;9;sena_documentada;placeholder;;
g012;FOTOS;sena_lexica;Fotos;M3-T15-13;M3 · Cumpleaños · p.117;trazada en corpus §12;objeto;objeto;consultas|denuncias|tramites;uso en el grafo;False;evidence|object|place|polarity;question|statement;7;sena_documentada;placeholder;;
g013;INTÉRPRETE;sena_lexica;Intérprete;M4-T11-06;M4 · General II · p.99;trazada en corpus §12;servicio;interaccion;consultas|denuncias|tramites;uso en el grafo;False;free_text|polarity;question|statement;8;sena_documentada;placeholder;;
g014;DAR;sena_lexica;Dar;M2-T02-27;M2 · Verbos II · p.41;trazada en corpus §12;verboAccion;accion;denuncias;uso en el grafo;False;evidence|object|place|polarity;question;3;sena_documentada;placeholder;;
g015;NOMBRE;sena_lexica;Nombre;M1-T01-15;M1 · Saludos · p.55;trazada en corpus §12;marcador;marcador;consultas|denuncias|tramites;uso en el grafo;False;free_text|person|polarity|time;question|statement;7;sena_documentada;placeholder;;
g016;CASA;sena_lexica;Casa;M1-T05-01;M1 · Lugares · p.71;trazada en corpus §12;lugar;lugar;consultas|denuncias|tramites;uso en el grafo;False;free_text|polarity;question|statement;2;sena_documentada;placeholder;;
g017;VER;sena_lexica;Ver;M1-T12-16;M1 · Verbos · p.101;trazada en corpus §12;verboAccion;accion;consultas|denuncias|tramites;uso en el grafo;False;evidence|free_text|object|person|polarity;question|statement;6;sena_documentada;placeholder;;
g018;CUÁNDO;sena_lexica;¿Cuándo?;M1-T11-09;M1 · Preguntas · p.97;trazada en corpus §12;interrogativa;interaccion;consultas|denuncias|tramites;uso en el grafo;False;time;question;3;sena_documentada;placeholder;;
g019;QUÉ;sena_lexica;¿Qué?;M1-T11-05;M1 · Preguntas · p.97;trazada en corpus §12;interrogativa;interaccion;consultas|denuncias|tramites;uso en el grafo;False;free_text|object|polarity;question;5;sena_documentada;placeholder;;
g020;TRAER;sena_lexica;Traer;M3-T12-03;M3 · Opuestos II · p.101;trazada en corpus §12;verboAccion;accion;consultas|denuncias|tramites;uso en el grafo;False;evidence|free_text|object|person|polarity;question;6;sena_documentada;placeholder;;
g021;HORA;sena_lexica;Hora;M3-T17-03;M3 · Tiempo III · p.129;trazada en corpus §12;tiempo;tiempo;consultas|denuncias|tramites;uso en el grafo;False;amount|free_text|polarity|time;question|statement;4;sena_documentada;placeholder;;
g022;QUEJAR;sena_lexica;Quejar;M4-T10-04;M4 · Política II · p.89;trazada en corpus §12;verboAccion;accion;consultas|denuncias|tramites;campo contexts del catálogo;True;;;0;sena_documentada;placeholder;No es una seña directa de DENUNCIA. La composición QUEJAR + AUTORIDAD es provisional y está sin validar (corpus §4).;"Documentada en el corpus §12 pero ningún ejemplo de los bancos 6/7/8 la utiliza. Se conserva en el catálogo y queda disponible por categoría y buscador; no se le asigna una necesidad sin uso que lo respalde."
g023;BILLETES;sena_lexica;Billetes;M4-T17-13;M4 · Escuela II · p.129;trazada en corpus §12;objeto;objeto;consultas|denuncias|tramites;uso en el grafo;False;amount|object|polarity;question|statement;7;sena_documentada;placeholder;No sustituye BILLETERA. Son cosas distintas.;
g024;CUÁL;sena_lexica;¿Cuál?;M1-T11-06;M1 · Preguntas · p.97;trazada en corpus §12;interrogativa;interaccion;consultas|denuncias|tramites;uso en el grafo;False;free_text|object|person|place|polarity;question;9;sena_documentada;placeholder;;
g025;CUÁNTOS;sena_lexica;¿Cuántos?;M1-T11-08;M1 · Preguntas · p.97;trazada en corpus §12;interrogativa;interaccion;consultas|denuncias|tramites;uso en el grafo;False;amount|evidence|object|person|polarity|time;question;5;sena_documentada;placeholder;;
g026;ENVIAR;sena_lexica;Enviar;M4-T04-24;M4 · Opuestos II · p.51;trazada en corpus §12;verboAccion;accion;consultas|denuncias|tramites;uso en el grafo;False;evidence|free_text|object|polarity;question|statement;10;sena_documentada;placeholder;;
g027;MAÑANA;sena_lexica;Mañana;M1-T15-09;M1 · Tiempo · p.117;trazada en corpus §12;tiempo;tiempo;consultas|denuncias|tramites;uso en el grafo;False;evidence|person|polarity;question;2;sena_documentada;placeholder;;
g028;QUIÉN;sena_lexica;¿Quién?;M1-T11-01;M1 · Preguntas · p.97;trazada en corpus §12;interrogativa;interaccion;consultas|denuncias|tramites;uso en el grafo;False;person;question;2;sena_documentada;placeholder;;
g029;ESPERAR;sena_lexica;Esperar;M2-T02-19;M2 · Verbos II · p.41;trazada en corpus §12;verboAccion;accion;consultas|tramites;uso en el grafo;False;amount|time;question;1;sena_documentada;placeholder;;
g030;GUARDAR;sena_lexica;Guardar;M4-T02-14;M4 · Verbos IV · p.39;trazada en corpus §12;verboAccion;accion;consultas|denuncias|tramites;uso en el grafo;False;free_text|polarity;question|statement;3;sena_documentada;placeholder;;
g031;HOMBRE;sena_lexica;Hombre;M1-T02-01;M1 · Familia · p.59;trazada en corpus §12;personaDesc;participante;consultas|denuncias|tramites;uso en el grafo;False;object|person|polarity;question|statement;4;sena_documentada;placeholder;;
g032;NO;sena_lexica;No;M1-T01-17;M1 · Saludos · p.55;trazada en corpus §12;marcador;marcador;consultas|denuncias|tramites;uso en el grafo;False;evidence|free_text|institution|object|person|place|polarity|time;question;138;sena_documentada;baked;;
g033;DÓNDE;sena_lexica;¿Dónde?;M1-T11-02;M1 · Preguntas · p.97;trazada en corpus §12;interrogativa;interaccion;consultas|denuncias|tramites;uso en el grafo;False;evidence|institution|place|polarity;question;7;sena_documentada;placeholder;;
g034;EXPLICAR;sena_lexica;Explicar;M4-T02-12;M4 · Verbos IV · p.39;trazada en corpus §12;verboAccion;accion;consultas|denuncias|tramites;uso en el grafo;False;free_text|polarity;question|statement;4;sena_documentada;placeholder;;
g035;IDENTIDAD;sena_lexica;Identidad;M4-T09-17;M4 · Diálogo II · p.83;trazada en corpus §12;marcador;marcador;consultas|denuncias|tramites;uso en el grafo;False;evidence|free_text|person|polarity;question|statement;4;sena_documentada;placeholder;;
g036;MOSTRAR;sena_lexica;Mostrar;M3-T15-10;M3 · Cumpleaños · p.117;trazada en corpus §12;verboAccion;accion;consultas|denuncias|tramites;uso en el grafo;False;evidence|object|polarity;question;5;sena_documentada;placeholder;;
g037;SABER;sena_lexica;Saber;M3-T04-05;M3 · Verbos III · p.55;trazada en corpus §12;marcador;marcador;consultas|denuncias|tramites;uso en el grafo;True;free_text;statement;1;sena_documentada;placeholder;;
g038;ABOGADO;sena_lexica;Abogado;M2-T10-10;M2 · Trabajo · p.79;trazada en corpus §12;servicio;interaccion;consultas|denuncias|tramites;uso en el grafo;False;free_text|institution|object|polarity;question|statement;8;sena_documentada;placeholder;;
g039;AYER;sena_lexica;Ayer;M1-T15-05;M1 · Tiempo · p.117;trazada en corpus §12;tiempo;tiempo;consultas|denuncias|tramites;uso en el grafo;False;polarity|time;question|statement;2;sena_documentada;placeholder;;
g040;FECHA;sena_lexica;Fecha;M1-T15-11;M1 · Tiempo · p.117;trazada en corpus §12;tiempo;tiempo;denuncias;uso en el grafo;False;time;question;1;sena_documentada;placeholder;;
g041;NO_PUEDO;sena_lexica;No puedo;M1-T01-12;M1 · Saludos · p.55;trazada en corpus §12;marcador;marcador;consultas|denuncias|tramites;campo contexts del catálogo;False;;;0;sena_documentada;placeholder;;"Documentada en el corpus §12 pero ningún ejemplo de los bancos 6/7/8 la utiliza. Se conserva en el catálogo y queda disponible por categoría y buscador; no se le asigna una necesidad sin uso que lo respalde."
g042;COMPRENDER;sena_lexica;Comprender;M1-T12-24;M1 · Verbos · p.101;trazada en corpus §12;marcador;marcador;consultas|denuncias|tramites;uso en el grafo;True;free_text|polarity;question|statement;4;sena_documentada;placeholder;;
g043;ELLA;sena_lexica;Ella;M1-T14-06;M1 · Pronombres · p.113;trazada en corpus §12;sujeto;participante;consultas|denuncias|tramites;campo contexts del catálogo;False;;;0;sena_documentada;placeholder;;"Documentada en el corpus §12 pero ningún ejemplo de los bancos 6/7/8 la utiliza. Se conserva en el catálogo y queda disponible por categoría y buscador; no se le asigna una necesidad sin uso que lo respalde."
g044;GRACIAS;sena_lexica;Gracias;M1-T01-06;M1 · Saludos · p.55;trazada en corpus §12;marcador;marcador;consultas|denuncias|tramites;uso en el grafo;True;free_text;statement;1;sena_documentada;baked;;
g045;JUEZ;sena_lexica;Juez;M3-T02-21;M3 · Política I · p.43;trazada en corpus §12;institucion;institucion;consultas|denuncias|tramites;uso en el grafo;False;free_text|polarity;question|statement;5;sena_documentada;placeholder;;
g046;LEER;sena_lexica;Leer;M2-T02-29;M2 · Verbos II · p.41;trazada en corpus §12;verboAccion;accion;consultas|denuncias|tramites;uso en el grafo;False;free_text|polarity|time;question|statement;6;sena_documentada;placeholder;;
g047;MUJER;sena_lexica;Mujer;M1-T02-02;M1 · Familia · p.59;trazada en corpus §12;personaDesc;participante;denuncias;uso en el grafo;False;person|polarity;question;2;sena_documentada;placeholder;;
g048;OFICINA;sena_lexica;Oficina;M3-T16-23;M3 · Lugares II · p.123;trazada en corpus §12;lugar;lugar;consultas|denuncias|tramites;campo contexts del catálogo;False;;;0;sena_documentada;placeholder;;"Documentada en el corpus §12 pero ningún ejemplo de los bancos 6/7/8 la utiliza. Se conserva en el catálogo y queda disponible por categoría y buscador; no se le asigna una necesidad sin uso que lo respalde."
g049;RECIBIR;sena_lexica;Recibir;M4-T04-23;M4 · Opuestos II · p.51;trazada en corpus §12;verboAccion;accion;consultas|denuncias|tramites;uso en el grafo;False;free_text|person|polarity;question|statement;8;sena_documentada;placeholder;;
g050;RECORDAR;sena_lexica;Recordar;M2-T02-04;M2 · Verbos II · p.41;trazada en corpus §12;verboAccion;accion;consultas|denuncias|tramites;uso en el grafo;False;free_text|polarity;question|statement;2;sena_documentada;placeholder;;
g051;VIDEO;sena_lexica;Video;M3-T15-09;M3 · Cumpleaños · p.117;trazada en corpus §12;objeto;objeto;consultas|denuncias|tramites;uso en el grafo;False;evidence|object|place|polarity;question|statement;6;sena_documentada;placeholder;;
g052;AYUDAR;sena_lexica;Ayudar;M1-T12-23;M1 · Verbos · p.101;trazada en corpus §12;verboAccion;accion;consultas|denuncias|tramites;uso en el grafo;False;free_text|institution|polarity;question|statement;5;sena_documentada;placeholder;;
g053;DAÑAR;sena_lexica;Dañar;M4-T11-09;M4 · General II · p.99;trazada en corpus §12;verboAgresion;accion;consultas|denuncias|tramites;uso en el grafo;True;free_text;statement;1;sena_documentada;placeholder;;
g054;HOY;sena_lexica;Hoy;M1-T15-07;M1 · Tiempo · p.117;trazada en corpus §12;tiempo;tiempo;denuncias;uso en el grafo;False;polarity|time;question;1;sena_documentada;placeholder;;
g055;LENTO;sena_lexica;Lento;M2-T01-06;M2 · Opuestos · p.33;trazada en corpus §12;descriptor;descriptor;consultas|denuncias|tramites;uso en el grafo;False;free_text|polarity;question|statement;4;sena_documentada;placeholder;;
g056;NO_SABER;sena_lexica;No saber;M3-T04-06;M3 · Verbos III · p.55;trazada en corpus §12;marcador;marcador;consultas|denuncias|tramites;uso en el grafo;False;amount|evidence|free_text|institution|object|person|place|polarity|time;question|statement;209;sena_documentada;placeholder;Expresa desconocimiento. No equivale a negar ni a omitir la respuesta: son tres estados distintos.;
g057;CERTIFICADO;sena_lexica;Certificado;M4-T17-10;M4 · Escuela II · p.129;trazada en corpus §12;documento;evidencia;consultas|denuncias|tramites;uso en el grafo;False;evidence|place|polarity;question|statement;6;sena_documentada;placeholder;Fuente léxica en sección escolar (M4 · Escuela II · p.129). Su presencia NO valida los sentidos registrales (certificado de propiedad, de no propiedad).;
g058;FACTURA;sena_lexica;Factura;M3-T14-09;M3 · General I · p.111;trazada en corpus §12;documento;evidencia;consultas|denuncias|tramites;uso en el grafo;False;evidence|object|polarity;question|statement;4;sena_documentada;placeholder;;
g059;MIEDO;sena_lexica;Miedo;M3-T12-05;M3 · Opuestos II · p.101;trazada en corpus §12;emocion;estado;consultas|denuncias|tramites;uso en el grafo;False;free_text|polarity;question|statement;2;sena_documentada;placeholder;;
g060;PEGAR;sena_lexica;Pegar;M3-T14-08;M3 · General I · p.111;trazada en corpus §12;verboAgresion;accion;consultas|denuncias|tramites;uso en el grafo;False;person|polarity;question|statement;2;sena_documentada;placeholder;;
g061;POR_FAVOR;sena_lexica;Por favor;M1-T01-08;M1 · Saludos · p.55;trazada en corpus §12;marcador;marcador;consultas|denuncias|tramites;uso en el grafo;True;free_text;statement;1;sena_documentada;placeholder;;
g062;AMENAZAR;sena_lexica;Amenazar;M3-T04-04;M3 · Verbos III · p.55;trazada en corpus §12;verboAgresion;accion;consultas|denuncias|tramites;uso en el grafo;False;free_text|object|polarity;question|statement;4;sena_documentada;placeholder;;
g063;AVENIDA;sena_lexica;Avenida;M3-T16-04;M3 · Lugares II · p.123;trazada en corpus §12;lugar;lugar;consultas|denuncias|tramites;campo contexts del catálogo;False;;;0;sena_documentada;placeholder;;"Documentada en el corpus §12 pero ningún ejemplo de los bancos 6/7/8 la utiliza. Se conserva en el catálogo y queda disponible por categoría y buscador; no se le asigna una necesidad sin uso que lo respalde."
g064;CALLE;sena_lexica;Calle;M3-T16-02;M3 · Lugares II · p.123;trazada en corpus §12;lugar;lugar;consultas|denuncias|tramites;uso en el grafo;True;place;statement;1;sena_documentada;placeholder;;
g065;AUTORIDAD;sena_lexica;Autoridad;M4-T10-46;M4 · Política II · p.89;trazada en corpus §12;institucion;institucion;consultas|denuncias|tramites;campo contexts del catálogo;False;;;0;sena_documentada;placeholder;;"Documentada en el corpus §12 pero ningún ejemplo de los bancos 6/7/8 la utiliza. Se conserva en el catálogo y queda disponible por categoría y buscador; no se le asigna una necesidad sin uso que lo respalde."
g066;CÓMO;sena_lexica;¿Cómo?;M1-T11-03;M1 · Preguntas · p.97;trazada en corpus §12;interrogativa;interaccion;consultas|denuncias|tramites;campo contexts del catálogo;True;;;0;sena_documentada;placeholder;;"Documentada en el corpus §12 pero ningún ejemplo de los bancos 6/7/8 la utiliza. Se conserva en el catálogo y queda disponible por categoría y buscador; no se le asigna una necesidad sin uso que lo respalde."
g067;ENGAÑAR;sena_lexica;Engañar;M4-T09-22;M4 · Diálogo II · p.83;trazada en corpus §12;verboAgresion;accion;consultas|denuncias|tramites;uso en el grafo;True;object;statement;1;sena_documentada;placeholder;;
g068;HERIDA;sena_lexica;Herida;M3-T03-22;M3 · Salud · p.49;trazada en corpus §12;urgencia;estado;consultas|denuncias|tramites;uso en el grafo;False;free_text|polarity;question|statement;2;sena_documentada;placeholder;;
g069;INVESTIGACIÓN;sena_lexica;Investigación;M3-T02-22;M3 · Política I · p.43;trazada en corpus §12;tramite;interaccion;consultas|denuncias|tramites;uso en el grafo;False;free_text|person|polarity;question|statement;5;sena_documentada;placeholder;;
g070;PROTEGER;sena_lexica;Proteger;M3-T04-13;M3 · Verbos III · p.55;trazada en corpus §12;verboAccion;accion;denuncias;uso en el grafo;False;person|polarity;question;2;sena_documentada;placeholder;;
g071;JUSTICIA;sena_lexica;Justicia;M3-T02-20;M3 · Política I · p.43;trazada en corpus §12;documento;evidencia;consultas|denuncias|tramites;campo contexts del catálogo;False;;;0;sena_documentada;placeholder;;"Documentada en el corpus §12 pero ningún ejemplo de los bancos 6/7/8 la utiliza. Se conserva en el catálogo y queda disponible por categoría y buscador; no se le asigna una necesidad sin uso que lo respalde."
g072;POLICÍA;sena_lexica;Policía;M2-T10-11;M2 · Trabajo · p.79;trazada en corpus §12;institucion;institucion;consultas|tramites;uso en el grafo;False;institution|polarity;question;2;sena_documentada;placeholder;;
g073;HOSPITAL;sena_lexica;Hospital;M1-T05-07;M1 · Lugares · p.71;trazada en corpus §12;institucion;institucion;consultas|denuncias|tramites;uso en el grafo;False;free_text|polarity;question|statement;3;sena_documentada;placeholder;;
g074;ASISTENCIA;sena_lexica;Asistencia;D2024-p23;II Diccionario Bilingüe LSB-Castellano (2024), p.23;trazada en corpus §12;documento;evidencia;consultas|denuncias|tramites;uso en el grafo;False;institution|polarity;question|statement;4;sena_documentada;placeholder;;
g075;AUXILIO;sena_lexica;Auxilio;D2024-p26;II Diccionario Bilingüe LSB-Castellano (2024), p.26;trazada en corpus §12;urgencia;estado;consultas|denuncias|tramites;uso en el grafo;False;free_text|polarity;question|statement;2;sena_documentada;placeholder;;
g076;LADRÓN;sena_lexica;Ladrón/a;D2024-326;II Diccionario Bilingüe LSB-Castellano (2024), p.125;trazada en corpus §12;personaDesc;participante;denuncias;uso en el grafo;False;polarity;question;2;sena_documentada;placeholder;;
g077;NARRAR;sena_lexica;Narrar;D2024-p150;II Diccionario Bilingüe LSB-Castellano (2024), p.150;trazada en corpus §12;verboAccion;accion;consultas|denuncias|tramites;uso en el grafo;False;free_text|polarity;question|statement;7;sena_documentada;placeholder;;
g078;OBSERVAR;sena_lexica;Observar;D2024-p155;II Diccionario Bilingüe LSB-Castellano (2024), p.155;trazada en corpus §12;verboAccion;accion;consultas|denuncias|tramites;uso en el grafo;True;free_text;statement;1;sena_documentada;placeholder;;
g079;PRESENTAR;sena_lexica;Presentar;D2024-471;II Diccionario Bilingüe LSB-Castellano (2024), p.178;trazada en corpus §12;verboAccion;accion;consultas|denuncias|tramites;uso en el grafo;False;evidence|free_text|polarity;question|statement;8;sena_documentada;placeholder;;
g080;RESOLUCIÓN;sena_lexica;Resolución;D2024-p188;II Diccionario Bilingüe LSB-Castellano (2024), p.188;trazada en corpus §12;documento;evidencia;consultas|denuncias|tramites;uso en el grafo;False;free_text|polarity;question|statement;3;sena_documentada;placeholder;;
g081;ROBAR;sena_lexica;Robar;D2024-499;II Diccionario Bilingüe LSB-Castellano (2024), p.190;trazada en corpus §12;verboAgresion;accion;consultas|denuncias|tramites;uso en el grafo;False;free_text|object|polarity;question|statement;5;sena_documentada;placeholder;;
g082;TESTIGO;sena_lexica;Testigo;D2024-557;II Diccionario Bilingüe LSB-Castellano (2024), p.212;trazada en corpus §12;testigo;participante;consultas|denuncias|tramites;uso en el grafo;False;amount|evidence|person|polarity;question|statement;9;sena_documentada;placeholder;NO + TESTIGO no fabrica testigos ni afirma que los haya. Ausencia de respuesta, negación e incertidumbre son estados distintos.;
g083;TESTIMONIO;sena_lexica;Testimonio;D2024-558;II Diccionario Bilingüe LSB-Castellano (2024), p.212;trazada en corpus §12;documento;evidencia;consultas|denuncias|tramites;uso en el grafo;True;free_text;statement;1;sena_documentada;placeholder;;
g084;TRÁMITE;sena_lexica;Trámite;D2024-p216;II Diccionario Bilingüe LSB-Castellano (2024), p.216;trazada en corpus §12;tramite;interaccion;consultas|denuncias|tramites;campo contexts del catálogo;False;;;0;sena_documentada;placeholder;Entrada del Diccionario 2024 (p.216). Nombra la gestión, no un trámite institucional concreto ni su procedimiento.;"Documentada en el corpus §12 pero ningún ejemplo de los bancos 6/7/8 la utiliza. Se conserva en el catálogo y queda disponible por categoría y buscador; no se le asigna una necesidad sin uso que lo respalde."
g085;VIOLENCIA;sena_lexica;Violencia;D2024-p228;II Diccionario Bilingüe LSB-Castellano (2024), p.228;trazada en corpus §12;urgencia;estado;consultas|denuncias|tramites;campo contexts del catálogo;False;;;0;sena_documentada;placeholder;;"Documentada en el corpus §12 pero ningún ejemplo de los bancos 6/7/8 la utiliza. Se conserva en el catálogo y queda disponible por categoría y buscador; no se le asigna una necesidad sin uso que lo respalde."
g086;MÍO;sena_lexica;Mío;M1-T14-12;M1 · Pronombres · p.113;trazada en corpus §12;sujeto;participante;consultas|denuncias|tramites;uso en el grafo;False;object|place|polarity;question|statement;4;sena_documentada;placeholder;;
g087;TENER;sena_lexica;Tener;M2-T02-01;M2 · Verbos II · p.41;trazada en corpus §12;verboAccion;accion;consultas|denuncias|tramites;uso en el grafo;False;evidence|free_text|object|person|place|polarity;question|statement;30;sena_documentada;placeholder;;
g088;ELLOS;sena_lexica;Ellos;M1-T14-08;M1 · Pronombres · p.113;trazada en corpus §12;sujeto;participante;consultas|tramites;uso en el grafo;False;polarity;question;1;sena_documentada;placeholder;;
g089;TUYO;sena_lexica;Tuyo;M1-T14-11;M1 · Pronombres · p.113;trazada en corpus §12;sujeto;participante;consultas|denuncias|tramites;uso en el grafo;True;free_text|object|polarity;question;2;sena_documentada;placeholder;;
g090;PASADO;sena_lexica;Pasado;M2-T05-06;M2 · Tiempo II · p.53;trazada en corpus §12;tiempo;tiempo;consultas|denuncias|tramites;uso en el grafo;False;free_text|polarity|time;question|statement;2;sena_documentada;placeholder;;
g091;DENTRO;sena_lexica;Dentro;M2-T20-03;M2 · Adverbios de lugar · p.119;trazada en corpus §12;lugar;lugar;denuncias;uso en el grafo;False;place|polarity;question;1;sena_documentada;placeholder;;
g092;VENIR;sena_lexica;Venir;M1-T12-18;M1 · Verbos · p.101;trazada en corpus §12;verboAccion;accion;consultas|denuncias|tramites;uso en el grafo;False;person|polarity;question;3;sena_documentada;placeholder;;
g093;AQUÍ;sena_lexica;Aquí;M2-T20-09;M2 · Adverbios de lugar · p.119;trazada en corpus §12;lugar;lugar;consultas|denuncias|tramites;uso en el grafo;False;free_text|polarity;question|statement;3;sena_documentada;placeholder;;
g094;CARPETA;sena_lexica;Carpeta;M3-T07-08;M3 · Sustantivos III · p.73;trazada en corpus §12;documento;evidencia;consultas|denuncias|tramites;campo contexts del catálogo;False;;;0;sena_documentada;placeholder;;"Documentada en el corpus §12 pero ningún ejemplo de los bancos 6/7/8 la utiliza. Se conserva en el catálogo y queda disponible por categoría y buscador; no se le asigna una necesidad sin uso que lo respalde."
g095;AHORA;sena_lexica;Ahora;M1-T15-08;M1 · Tiempo · p.117;trazada en corpus §12;tiempo;tiempo;consultas|denuncias|tramites;uso en el grafo;False;free_text|object|polarity;question|statement;7;sena_documentada;placeholder;;
g096;FOTOCOPIA;sena_lexica;Fotocopia;M3-T07-06;M3 · Sustantivos III · p.73;trazada en corpus §12;documento;evidencia;consultas|denuncias|tramites;uso en el grafo;False;polarity;question;2;sena_documentada;placeholder;;
g097;AMBOS;sena_lexica;Ambos;M4-T17-07;M4 · Escuela II · p.129;trazada en corpus §12;sujeto;participante;consultas|denuncias|tramites;campo contexts del catálogo;False;;;0;sena_documentada;placeholder;;"Documentada en el corpus §12 pero ningún ejemplo de los bancos 6/7/8 la utiliza. Se conserva en el catálogo y queda disponible por categoría y buscador; no se le asigna una necesidad sin uso que lo respalde."
g098;SEMANA;sena_lexica;Semana;M1-T15-03;M1 · Tiempo · p.117;trazada en corpus §12;tiempo;tiempo;consultas|denuncias|tramites;campo contexts del catálogo;False;;;0;sena_documentada;placeholder;;"Documentada en el corpus §12 pero ningún ejemplo de los bancos 6/7/8 la utiliza. Se conserva en el catálogo y queda disponible por categoría y buscador; no se le asigna una necesidad sin uso que lo respalde."
g099;TERMINAR;sena_lexica;Terminar;M2-T02-09;M2 · Verbos II · p.41;trazada en corpus §12;verboAccion;accion;consultas|denuncias|tramites;uso en el grafo;False;object|person|polarity;question;3;sena_documentada;placeholder;;
g100;TOTAL;sena_lexica;Total;M3-T08-23;M3 · Escuela · p.77;trazada en corpus §12;verboAccion;accion;consultas|denuncias|tramites;uso en el grafo;False;evidence|free_text|person|polarity;question|statement;5;sena_documentada;placeholder;;
g101;BUSCAR;sena_lexica;Buscar;M2-T02-15;M2 · Verbos II · p.41;trazada en corpus §12;verboAccion;accion;consultas|denuncias|tramites;uso en el grafo;False;object|person|polarity;question;4;sena_documentada;placeholder;;
g102;AÚN;sena_lexica;Aún;M3-T01-16;M3 · Diálogo · p.37;trazada en corpus §12;tiempo;tiempo;consultas|denuncias|tramites;uso en el grafo;False;free_text|polarity;question;2;sena_documentada;placeholder;;
g103;SORDO;sena_lexica;Sordo;M3-T01-04;M3 · Diálogo · p.37;trazada en corpus §12;personaDesc;participante;consultas|denuncias|tramites;uso en el grafo;True;free_text|person|polarity;question|statement;2;sena_documentada;placeholder;;
g104;CERCA;sena_lexica;Cerca;M2-T01-14;M2 · Opuestos · p.33;trazada en corpus §12;lugar;lugar;consultas|denuncias|tramites;uso en el grafo;True;place;statement;1;sena_documentada;placeholder;;
g105;HABLAR;sena_lexica;Hablar;M1-T12-08;M1 · Verbos · p.101;trazada en corpus §12;verboAccion;accion;consultas|denuncias|tramites;uso en el grafo;False;institution|polarity;question;6;sena_documentada;placeholder;;
g106;HACER;sena_lexica;Hacer;M3-T14-04;M3 · General I · p.111;trazada en corpus §12;verboAccion;accion;denuncias;uso en el grafo;False;free_text;question;1;sena_documentada;placeholder;;
g107;IR;sena_lexica;Ir;M1-T12-19;M1 · Verbos · p.101;trazada en corpus §12;verboAccion;accion;consultas|denuncias|tramites;uso en el grafo;False;free_text|institution|polarity;question|statement;6;sena_documentada;placeholder;;
g108;NOSOTROS;sena_lexica;Nosotros;M1-T14-03;M1 · Pronombres · p.113;trazada en corpus §12;sujeto;participante;consultas|denuncias|tramites;campo contexts del catálogo;False;;;0;sena_documentada;placeholder;;"Documentada en el corpus §12 pero ningún ejemplo de los bancos 6/7/8 la utiliza. Se conserva en el catálogo y queda disponible por categoría y buscador; no se le asigna una necesidad sin uso que lo respalde."
g109;TARDE;sena_lexica;Tarde;M2-T05-02;M2 · Tiempo II · p.53;trazada en corpus §12;tiempo;tiempo;consultas|denuncias|tramites;uso en el grafo;True;time;statement;1;sena_documentada;placeholder;;
g110;DÍA;sena_lexica;Día;M1-T15-02;M1 · Tiempo · p.117;trazada en corpus §12;tiempo;tiempo;consultas|tramites;uso en el grafo;False;polarity;question;1;sena_documentada;placeholder;;
g111;TIENDA;sena_lexica;Tienda;M3-T16-17;M3 · Lugares II · p.123;trazada en corpus §12;lugar;lugar;consultas|denuncias|tramites;uso en el grafo;True;free_text;statement;1;sena_documentada;placeholder;;
g112;ACOMPAÑAR;sena_lexica;Acompañar;M3-T04-02;M3 · Verbos III · p.55;trazada en corpus §12;verboAccion;accion;consultas|denuncias|tramites;uso en el grafo;True;polarity;question;1;sena_documentada;placeholder;;
g113;ALLÍ;sena_lexica;Allí;M2-T20-10;M2 · Adverbios de lugar · p.119;trazada en corpus §12;lugar;lugar;denuncias;uso en el grafo;False;person|polarity;question;1;sena_documentada;placeholder;;
g114;TEMPRANO;sena_lexica;Temprano;M2-T05-01;M2 · Tiempo II · p.53;trazada en corpus §12;tiempo;tiempo;consultas|denuncias|tramites;campo contexts del catálogo;False;;;0;sena_documentada;placeholder;;"Documentada en el corpus §12 pero ningún ejemplo de los bancos 6/7/8 la utiliza. Se conserva en el catálogo y queda disponible por categoría y buscador; no se le asigna una necesidad sin uso que lo respalde."
g115;CONOCER;sena_lexica;Conocido;M3-T01-01;M3 · Diálogo · p.37;trazada en corpus §12;verboAccion;accion;consultas|denuncias|tramites;uso en el grafo;False;person|polarity;question|statement;4;sena_documentada;placeholder;;
g116;DESPUÉS;sena_lexica;Después;M2-T05-03;M2 · Tiempo II · p.53;trazada en corpus §12;tiempo;tiempo;consultas|denuncias|tramites;uso en el grafo;False;evidence|free_text|polarity;question;2;sena_documentada;placeholder;;
g117;INTERNET;sena_lexica;Internet;M2-T07-12;M2 · Sustantivo II · p.61;trazada en corpus §12;objeto;objeto;denuncias;uso en el grafo;False;polarity;question;2;sena_documentada;placeholder;;
g118;PEDIR;sena_lexica;Pedir;M1-T12-14;M1 · Verbos · p.101;trazada en corpus §12;verboAccion;accion;denuncias;uso en el grafo;False;polarity;question;1;sena_documentada;placeholder;;
g119;VERDAD;sena_lexica;Verdad;M2-T01-25;M2 · Opuestos · p.33;trazada en corpus §12;marcador;marcador;consultas|denuncias|tramites;uso en el grafo;True;object|polarity;question;1;sena_documentada;placeholder;;
g120;AL_LADO;sena_lexica;El;M2-T20-06;M2 · Adverbios de lugar · p.119;trazada en corpus §12;lugar;lugar;consultas|denuncias|tramites;campo contexts del catálogo;False;;;0;sena_documentada;placeholder;;"Documentada en el corpus §12 pero ningún ejemplo de los bancos 6/7/8 la utiliza. Se conserva en el catálogo y queda disponible por categoría y buscador; no se le asigna una necesidad sin uso que lo respalde."
g121;BANCO;sena_lexica;Banco;M3-T16-05;M3 · Lugares II · p.123;trazada en corpus §12;lugar;lugar;consultas|denuncias|tramites;uso en el grafo;False;evidence|free_text|object|polarity;question|statement;4;sena_documentada;placeholder;;
g122;BRAZO;sena_lexica;Brazo;M1-T03-05;M1 · Cuerpo humano · p.63;trazada en corpus §12;objeto;objeto;consultas|denuncias|tramites;uso en el grafo;True;free_text;statement;1;sena_documentada;placeholder;;
g123;HIJA;sena_lexica;Hija;M1-T02-11;M1 · Familia · p.59;trazada en corpus §12;personaDesc;participante;consultas|denuncias|tramites;campo contexts del catálogo;False;;;0;sena_documentada;placeholder;;"Documentada en el corpus §12 pero ningún ejemplo de los bancos 6/7/8 la utiliza. Se conserva en el catálogo y queda disponible por categoría y buscador; no se le asigna una necesidad sin uso que lo respalde."
g124;JUEVES;sena_lexica;Jueves;M1-T17-04;M1 · Días de la semana · p.127;trazada en corpus §12;tiempo;tiempo;consultas|denuncias|tramites;campo contexts del catálogo;False;;;0;sena_documentada;placeholder;;"Documentada en el corpus §12 pero ningún ejemplo de los bancos 6/7/8 la utiliza. Se conserva en el catálogo y queda disponible por categoría y buscador; no se le asigna una necesidad sin uso que lo respalde."
g125;LLEVAR;sena_lexica;Llevar;M3-T12-04;M3 · Opuestos II · p.101;trazada en corpus §12;verboAccion;accion;consultas|denuncias|tramites;campo contexts del catálogo;True;;;0;sena_documentada;placeholder;;"Documentada en el corpus §12 pero ningún ejemplo de los bancos 6/7/8 la utiliza. Se conserva en el catálogo y queda disponible por categoría y buscador; no se le asigna una necesidad sin uso que lo respalde."
g126;MUCHO;sena_lexica;Mucho;M2-T01-11;M2 · Opuestos · p.33;trazada en corpus §12;descriptor;descriptor;consultas|denuncias|tramites;campo contexts del catálogo;False;;;0;sena_documentada;placeholder;;"Documentada en el corpus §12 pero ningún ejemplo de los bancos 6/7/8 la utiliza. Se conserva en el catálogo y queda disponible por categoría y buscador; no se le asigna una necesidad sin uso que lo respalde."
g127;NEGRO;sena_lexica;Negro;M1-T07-08;M1 · Colores · p.81;trazada en corpus §12;descriptor;descriptor;consultas|denuncias|tramites;campo contexts del catálogo;False;;;0;sena_documentada;placeholder;;"Documentada en el corpus §12 pero ningún ejemplo de los bancos 6/7/8 la utiliza. Se conserva en el catálogo y queda disponible por categoría y buscador; no se le asigna una necesidad sin uso que lo respalde."
g128;NUEVO;sena_lexica;Nuevo;M4-T04-18;M4 · Opuestos II · p.51;trazada en corpus §12;descriptor;descriptor;consultas|denuncias|tramites;campo contexts del catálogo;False;;;0;sena_documentada;placeholder;;"Documentada en el corpus §12 pero ningún ejemplo de los bancos 6/7/8 la utiliza. Se conserva en el catálogo y queda disponible por categoría y buscador; no se le asigna una necesidad sin uso que lo respalde."
g129;PERDER;sena_lexica;Perder;M4-T04-14;M4 · Opuestos II · p.51;trazada en corpus §12;verboAccion;accion;consultas|denuncias|tramites;uso en el grafo;False;free_text|object|polarity;question|statement;3;sena_documentada;placeholder;No equivale a ROBAR. El backend no puede derivar una afirmación de robo de una pérdida (auditoría 2026-09).;
g130;PRIMERA_VEZ;sena_lexica;Primera vez;M3-T01-22;M3 · Diálogo · p.37;trazada en corpus §12;tiempo;tiempo;consultas|denuncias|tramites;uso en el grafo;False;free_text|polarity;question;2;sena_documentada;placeholder;;
g131;PÁGINA;sena_lexica;Página;M3-T08-04;M3 · Escuela · p.77;trazada en corpus §12;documento;evidencia;consultas|denuncias|tramites;campo contexts del catálogo;False;;;0;sena_documentada;placeholder;;"Documentada en el corpus §12 pero ningún ejemplo de los bancos 6/7/8 la utiliza. Se conserva en el catálogo y queda disponible por categoría y buscador; no se le asigna una necesidad sin uso que lo respalde."
g132;SELLO;sena_lexica;Sello;M3-T07-09;M3 · Sustantivos III · p.73;trazada en corpus §12;documento;evidencia;consultas|denuncias|tramites;uso en el grafo;True;polarity;question;1;sena_documentada;placeholder;;
g133;ARREGLAR;sena_lexica;Arreglar;M4-T02-18;M4 · Verbos IV · p.39;trazada en corpus §12;verboAccion;accion;denuncias;uso en el grafo;False;polarity;question;1;sena_documentada;placeholder;;
g134;AUMENTAR;sena_lexica;Aumentar;M3-T12-15;M3 · Opuestos II · p.101;trazada en corpus §12;verboAccion;accion;consultas|denuncias|tramites;uso en el grafo;False;free_text|object|polarity;question|statement;4;sena_documentada;placeholder;;
g135;AVISAR;sena_lexica;Avisar;M3-T04-03;M3 · Verbos III · p.55;trazada en corpus §12;verboAccion;accion;consultas|denuncias|tramites;uso en el grafo;False;object|polarity;question;5;sena_documentada;placeholder;;
g136;AZUL;sena_lexica;Azul;M1-T07-04;M1 · Colores · p.81;trazada en corpus §12;descriptor;descriptor;consultas|denuncias|tramites;campo contexts del catálogo;False;;;0;sena_documentada;placeholder;;"Documentada en el corpus §12 pero ningún ejemplo de los bancos 6/7/8 la utiliza. Se conserva en el catálogo y queda disponible por categoría y buscador; no se le asigna una necesidad sin uso que lo respalde."
g137;CAMBIAR;sena_lexica;Cambiar;M1-T12-01;M1 · Verbos · p.101;trazada en corpus §12;verboAccion;accion;consultas|denuncias|tramites;uso en el grafo;False;object|place|polarity;question|statement;4;sena_documentada;placeholder;;
g138;COMPUTADORA;sena_lexica;Computadora;M2-T07-14;M2 · Sustantivo II · p.61;trazada en corpus §12;objeto;objeto;consultas|denuncias|tramites;campo contexts del catálogo;False;;;0;sena_documentada;placeholder;;"Documentada en el corpus §12 pero ningún ejemplo de los bancos 6/7/8 la utiliza. Se conserva en el catálogo y queda disponible por categoría y buscador; no se le asigna una necesidad sin uso que lo respalde."
g139;CONTESTAR_DOS_VECES;sena_lexica;Contestar dos veces;M3-T01-11;M3 · Diálogo · p.37;trazada en corpus §12;verboAccion;accion;consultas|denuncias|tramites;campo contexts del catálogo;True;;;0;sena_documentada;placeholder;;"Documentada en el corpus §12 pero ningún ejemplo de los bancos 6/7/8 la utiliza. Se conserva en el catálogo y queda disponible por categoría y buscador; no se le asigna una necesidad sin uso que lo respalde."
g140;DIRECCIÓN;sena_lexica;Dirección;M3-T16-03;M3 · Lugares II · p.123;trazada en corpus §12;lugar;lugar;consultas|denuncias|tramites;uso en el grafo;False;place|polarity;question|statement;2;sena_documentada;placeholder;;
g141;DOCTOR;sena_lexica;Doctor;M2-T10-13;M2 · Trabajo · p.79;trazada en corpus §12;servicio;interaccion;consultas|denuncias|tramites;uso en el grafo;False;evidence|polarity;question|statement;4;sena_documentada;placeholder;;
g142;ESTAR_DE_ACUERDO;sena_lexica;Estar de acuerdo;M3-T02-25;M3 · Política I · p.43;trazada en corpus §12;marcador;marcador;consultas|tramites;uso en el grafo;False;polarity;question;1;sena_documentada;placeholder;;
g143;GRATIS;sena_lexica;Gratis;M4-T09-12;M4 · Diálogo II · p.83;trazada en corpus §12;descriptor;descriptor;consultas|tramites;uso en el grafo;False;institution|polarity;question;3;sena_documentada;placeholder;;
g144;HERMANA;sena_lexica;Hermana;M1-T02-13;M1 · Familia · p.59;trazada en corpus §12;personaDesc;participante;consultas|denuncias|tramites;campo contexts del catálogo;False;;;0;sena_documentada;placeholder;;"Documentada en el corpus §12 pero ningún ejemplo de los bancos 6/7/8 la utiliza. Se conserva en el catálogo y queda disponible por categoría y buscador; no se le asigna una necesidad sin uso que lo respalde."
g145;HERMANO;sena_lexica;Hermano;M1-T02-12;M1 · Familia · p.59;trazada en corpus §12;personaDesc;participante;consultas|denuncias|tramites;campo contexts del catálogo;False;;;0;sena_documentada;placeholder;;"Documentada en el corpus §12 pero ningún ejemplo de los bancos 6/7/8 la utiliza. Se conserva en el catálogo y queda disponible por categoría y buscador; no se le asigna una necesidad sin uso que lo respalde."
g146;JAMÁS;sena_lexica;Jamás;M3-T17-14;M3 · Tiempo III · p.129;trazada en corpus §12;tiempo;tiempo;consultas|denuncias|tramites;campo contexts del catálogo;False;;;0;sena_documentada;placeholder;;"Documentada en el corpus §12 pero ningún ejemplo de los bancos 6/7/8 la utiliza. Se conserva en el catálogo y queda disponible por categoría y buscador; no se le asigna una necesidad sin uso que lo respalde."
g147;MAL;sena_lexica;Mal;M1-T01-13;M1 · Saludos · p.55;trazada en corpus §12;descriptor;descriptor;consultas|denuncias|tramites;uso en el grafo;False;free_text|polarity;question|statement;2;sena_documentada;placeholder;;
g148;MEJOR;sena_lexica;Mejor;M4-T04-21;M4 · Opuestos II · p.51;trazada en corpus §12;descriptor;descriptor;consultas|denuncias|tramites;uso en el grafo;False;free_text|polarity;question|statement;5;sena_documentada;placeholder;;
g149;MERCADO;sena_lexica;Mercado;M1-T05-10;M1 · Lugares · p.71;trazada en corpus §12;lugar;lugar;consultas|denuncias|tramites;uso en el grafo;True;place;statement;1;sena_documentada;placeholder;;
g150;MES;sena_lexica;Mes;M1-T15-01;M1 · Tiempo · p.117;trazada en corpus §12;tiempo;tiempo;consultas|denuncias|tramites;campo contexts del catálogo;False;;;0;sena_documentada;placeholder;;"Documentada en el corpus §12 pero ningún ejemplo de los bancos 6/7/8 la utiliza. Se conserva en el catálogo y queda disponible por categoría y buscador; no se le asigna una necesidad sin uso que lo respalde."
g151;MOCHILA;sena_lexica;Mochila;M3-T07-02;M3 · Sustantivos III · p.73;trazada en corpus §12;objeto;objeto;consultas|denuncias|tramites;uso en el grafo;False;object|person|polarity;question|statement;2;sena_documentada;placeholder;;
g152;MÁS_O_MENOS;sena_lexica;Más o menos;M1-T01-14;M1 · Saludos · p.55;trazada en corpus §12;marcador;marcador;denuncias;uso en el grafo;False;polarity|time;question;1;sena_documentada;placeholder;;
g153;OÍR;sena_lexica;Oír;M2-T02-16;M2 · Verbos II · p.41;trazada en corpus §12;verboAccion;accion;consultas|denuncias|tramites;campo contexts del catálogo;True;;;0;sena_documentada;placeholder;;"Documentada en el corpus §12 pero ningún ejemplo de los bancos 6/7/8 la utiliza. Se conserva en el catálogo y queda disponible por categoría y buscador; no se le asigna una necesidad sin uso que lo respalde."
g154;POCO;sena_lexica;Poco;M2-T01-12;M2 · Opuestos · p.33;trazada en corpus §12;descriptor;descriptor;consultas|denuncias|tramites;uso en el grafo;True;free_text;statement;1;sena_documentada;placeholder;;
g155;PUERTA;sena_lexica;Puerta;M1-T13-03;M1 · Sustantivos · p.107;trazada en corpus §12;objeto;objeto;consultas|denuncias|tramites;uso en el grafo;True;free_text;statement;1;sena_documentada;placeholder;;
g156;VIVIR;sena_lexica;Vivir;M3-T01-09;M3 · Diálogo · p.37;trazada en corpus §12;verboAccion;accion;consultas|denuncias|tramites;campo contexts del catálogo;True;;;0;sena_documentada;placeholder;;"Documentada en el corpus §12 pero ningún ejemplo de los bancos 6/7/8 la utiliza. Se conserva en el catálogo y queda disponible por categoría y buscador; no se le asigna una necesidad sin uso que lo respalde."
g157;ALTO;sena_lexica;Alto;M2-T01-01;M2 · Opuestos · p.33;trazada en corpus §12;rasgo;descriptor;denuncias;uso en el grafo;False;polarity;question;1;sena_documentada;placeholder;;
g158;AMIGO;sena_lexica;Amigo;M2-T08-12;M2 · Familia II · p.67;trazada en corpus §12;personaDesc;participante;consultas|denuncias|tramites;campo contexts del catálogo;False;;;0;sena_documentada;placeholder;;"Documentada en el corpus §12 pero ningún ejemplo de los bancos 6/7/8 la utiliza. Se conserva en el catálogo y queda disponible por categoría y buscador; no se le asigna una necesidad sin uso que lo respalde."
g159;ANTEAYER;sena_lexica;Anteayer;M1-T15-06;M1 · Tiempo · p.117;trazada en corpus §12;tiempo;tiempo;consultas|denuncias|tramites;campo contexts del catálogo;False;;;0;sena_documentada;placeholder;;"Documentada en el corpus §12 pero ningún ejemplo de los bancos 6/7/8 la utiliza. Se conserva en el catálogo y queda disponible por categoría y buscador; no se le asigna una necesidad sin uso que lo respalde."
g160;ATENDER;sena_lexica;Atender;M1-T12-25;M1 · Verbos · p.101;trazada en corpus §12;verboAccion;accion;consultas|denuncias|tramites;campo contexts del catálogo;True;;;0;sena_documentada;placeholder;;"Documentada en el corpus §12 pero ningún ejemplo de los bancos 6/7/8 la utiliza. Se conserva en el catálogo y queda disponible por categoría y buscador; no se le asigna una necesidad sin uso que lo respalde."
g161;CAJA;sena_lexica;Caja;M4-T17-22;M4 · Escuela II · p.129;trazada en corpus §12;objeto;objeto;denuncias;uso en el grafo;False;evidence|object|polarity;question;2;sena_documentada;placeholder;;
g162;COMPAÑERO;sena_lexica;Compañera;M4-T17-09;M4 · Escuela II · p.129;trazada en corpus §12;personaDesc;participante;consultas|denuncias|tramites;campo contexts del catálogo;False;;;0;sena_documentada;placeholder;;"Documentada en el corpus §12 pero ningún ejemplo de los bancos 6/7/8 la utiliza. Se conserva en el catálogo y queda disponible por categoría y buscador; no se le asigna una necesidad sin uso que lo respalde."
g163;CONVOCAR;sena_lexica;Convocar;M4-T10-43;M4 · Política II · p.89;trazada en corpus §12;tramite;interaccion;consultas|tramites;uso en el grafo;False;polarity;question;1;sena_documentada;placeholder;;
g164;CREER;sena_lexica;Creer;M4-T02-16;M4 · Verbos IV · p.39;trazada en corpus §12;verboAccion;accion;consultas|denuncias|tramites;campo contexts del catálogo;True;;;0;sena_documentada;placeholder;;"Documentada en el corpus §12 pero ningún ejemplo de los bancos 6/7/8 la utiliza. Se conserva en el catálogo y queda disponible por categoría y buscador; no se le asigna una necesidad sin uso que lo respalde."
g165;CÁMARA_FOTOGRÁFICA;sena_lexica;Cámara fotográfica;M4-T07-16;M4 · Hogar II · p.69;trazada en corpus §12;objeto;objeto;consultas|denuncias|tramites;campo contexts del catálogo;False;;;0;sena_documentada;placeholder;;"Documentada en el corpus §12 pero ningún ejemplo de los bancos 6/7/8 la utiliza. Se conserva en el catálogo y queda disponible por categoría y buscador; no se le asigna una necesidad sin uso que lo respalde."
g166;DECIDIR;sena_lexica;Decidir;M4-T11-26;M4 · General II · p.99;trazada en corpus §12;verboAccion;accion;consultas|denuncias|tramites;campo contexts del catálogo;True;;;0;sena_documentada;placeholder;;"Documentada en el corpus §12 pero ningún ejemplo de los bancos 6/7/8 la utiliza. Se conserva en el catálogo y queda disponible por categoría y buscador; no se le asigna una necesidad sin uso que lo respalde."
g167;DIBUJAR;sena_lexica;Dibujar;M1-T12-12;M1 · Verbos · p.101;trazada en corpus §12;verboAccion;accion;consultas|denuncias|tramites;campo contexts del catálogo;True;;;0;sena_documentada;placeholder;;"Documentada en el corpus §12 pero ningún ejemplo de los bancos 6/7/8 la utiliza. Se conserva en el catálogo y queda disponible por categoría y buscador; no se le asigna una necesidad sin uso que lo respalde."
g168;ENCONTRARSE;sena_lexica;Encontrarse;M3-T01-07;M3 · Diálogo · p.37;trazada en corpus §12;verboAccion;accion;consultas|denuncias|tramites;campo contexts del catálogo;True;;;0;sena_documentada;placeholder;;"Documentada en el corpus §12 pero ningún ejemplo de los bancos 6/7/8 la utiliza. Se conserva en el catálogo y queda disponible por categoría y buscador; no se le asigna una necesidad sin uso que lo respalde."
g169;ESCONDER;sena_lexica;Esconder;M4-T02-25;M4 · Verbos IV · p.39;trazada en corpus §12;verboAccion;accion;consultas|denuncias|tramites;campo contexts del catálogo;True;;;0;sena_documentada;placeholder;;"Documentada en el corpus §12 pero ningún ejemplo de los bancos 6/7/8 la utiliza. Se conserva en el catálogo y queda disponible por categoría y buscador; no se le asigna una necesidad sin uso que lo respalde."
g170;FILMAR;sena_lexica;Filmar;M3-T15-08;M3 · Cumpleaños · p.117;trazada en corpus §12;verboAccion;accion;consultas|denuncias|tramites;uso en el grafo;False;evidence|place|polarity;question|statement;2;sena_documentada;placeholder;;
g171;FLACO;sena_lexica;Flaco;M2-T01-08;M2 · Opuestos · p.33;trazada en corpus §12;rasgo;descriptor;denuncias;uso en el grafo;False;polarity;question;1;sena_documentada;placeholder;;
g172;FUNCIONAR;sena_lexica;Funcionar;M4-T02-01;M4 · Verbos IV · p.39;trazada en corpus §12;verboAccion;accion;consultas|denuncias|tramites;campo contexts del catálogo;True;;;0;sena_documentada;placeholder;;"Documentada en el corpus §12 pero ningún ejemplo de los bancos 6/7/8 la utiliza. Se conserva en el catálogo y queda disponible por categoría y buscador; no se le asigna una necesidad sin uso que lo respalde."
g173;JOVEN;sena_lexica;Joven;M2-T08-20;M2 · Familia II · p.67;trazada en corpus §12;personaDesc;participante;consultas|denuncias|tramites;uso en el grafo;False;object|person|polarity;question|statement;2;sena_documentada;placeholder;;
g174;LEJOS;sena_lexica;Lejos;M2-T01-13;M2 · Opuestos · p.33;trazada en corpus §12;lugar;lugar;consultas|denuncias|tramites;campo contexts del catálogo;False;;;0;sena_documentada;placeholder;;"Documentada en el corpus §12 pero ningún ejemplo de los bancos 6/7/8 la utiliza. Se conserva en el catálogo y queda disponible por categoría y buscador; no se le asigna una necesidad sin uso que lo respalde."
g175;LEY;sena_lexica;Ley;M3-T02-18;M3 · Política I · p.43;trazada en corpus §12;documento;evidencia;consultas|denuncias|tramites;campo contexts del catálogo;False;;;0;sena_documentada;placeholder;;"Documentada en el corpus §12 pero ningún ejemplo de los bancos 6/7/8 la utiliza. Se conserva en el catálogo y queda disponible por categoría y buscador; no se le asigna una necesidad sin uso que lo respalde."
g176;MAMÁ;sena_lexica;Mamá;M1-T02-05;M1 · Familia · p.59;trazada en corpus §12;personaDesc;participante;consultas|denuncias|tramites;campo contexts del catálogo;False;;;0;sena_documentada;placeholder;;"Documentada en el corpus §12 pero ningún ejemplo de los bancos 6/7/8 la utiliza. Se conserva en el catálogo y queda disponible por categoría y buscador; no se le asigna una necesidad sin uso que lo respalde."
g177;MICRO;sena_lexica;Micro;M1-T10-05;M1 · Medios de transporte · p.93;trazada en corpus §12;objeto;objeto;consultas|denuncias|tramites;campo contexts del catálogo;False;;;0;sena_documentada;placeholder;;"Documentada en el corpus §12 pero ningún ejemplo de los bancos 6/7/8 la utiliza. Se conserva en el catálogo y queda disponible por categoría y buscador; no se le asigna una necesidad sin uso que lo respalde."
g178;MINUTO;sena_lexica;Minuto;M3-T17-02;M3 · Tiempo III · p.129;trazada en corpus §12;tiempo;tiempo;consultas|denuncias|tramites;campo contexts del catálogo;False;;;0;sena_documentada;placeholder;;"Documentada en el corpus §12 pero ningún ejemplo de los bancos 6/7/8 la utiliza. Se conserva en el catálogo y queda disponible por categoría y buscador; no se le asigna una necesidad sin uso que lo respalde."
g179;OSCURO;sena_lexica;Oscuro;M3-T12-02;M3 · Opuestos II · p.101;trazada en corpus §12;descriptor;descriptor;consultas|denuncias|tramites;campo contexts del catálogo;False;;;0;sena_documentada;placeholder;;"Documentada en el corpus §12 pero ningún ejemplo de los bancos 6/7/8 la utiliza. Se conserva en el catálogo y queda disponible por categoría y buscador; no se le asigna una necesidad sin uso que lo respalde."
g180;PLAZA;sena_lexica;Plaza;M1-T05-05;M1 · Lugares · p.71;trazada en corpus §12;lugar;lugar;consultas|denuncias|tramites;campo contexts del catálogo;False;;;0;sena_documentada;placeholder;;"Documentada en el corpus §12 pero ningún ejemplo de los bancos 6/7/8 la utiliza. Se conserva en el catálogo y queda disponible por categoría y buscador; no se le asigna una necesidad sin uso que lo respalde."
g181;PLAZO;sena_lexica;Plazo;M3-T14-21;M3 · General I · p.111;trazada en corpus §12;tramite;interaccion;consultas|denuncias|tramites;campo contexts del catálogo;False;;;0;sena_documentada;placeholder;;"Documentada en el corpus §12 pero ningún ejemplo de los bancos 6/7/8 la utiliza. Se conserva en el catálogo y queda disponible por categoría y buscador; no se le asigna una necesidad sin uso que lo respalde."
g182;POSTERGAR;sena_lexica;Postergar;M3-T17-20;M3 · Tiempo III · p.129;trazada en corpus §12;tiempo;tiempo;consultas|denuncias|tramites;campo contexts del catálogo;False;;;0;sena_documentada;placeholder;;"Documentada en el corpus §12 pero ningún ejemplo de los bancos 6/7/8 la utiliza. Se conserva en el catálogo y queda disponible por categoría y buscador; no se le asigna una necesidad sin uso que lo respalde."
g183;PRÓXIMO;sena_lexica;Próximo;M2-T05-08;M2 · Tiempo II · p.53;trazada en corpus §12;tiempo;tiempo;consultas|denuncias|tramites;campo contexts del catálogo;False;;;0;sena_documentada;placeholder;;"Documentada en el corpus §12 pero ningún ejemplo de los bancos 6/7/8 la utiliza. Se conserva en el catálogo y queda disponible por categoría y buscador; no se le asigna una necesidad sin uso que lo respalde."
g184;SÁBADO;sena_lexica;Sábado;M1-T17-06;M1 · Días de la semana · p.127;trazada en corpus §12;tiempo;tiempo;consultas|denuncias|tramites;campo contexts del catálogo;False;;;0;sena_documentada;placeholder;;"Documentada en el corpus §12 pero ningún ejemplo de los bancos 6/7/8 la utiliza. Se conserva en el catálogo y queda disponible por categoría y buscador; no se le asigna una necesidad sin uso que lo respalde."
g185;TRABAJADOR;sena_lexica;Trabajador;M2-T10-02;M2 · Trabajo · p.79;trazada en corpus §12;personaDesc;participante;consultas|denuncias|tramites;campo contexts del catálogo;False;;;0;sena_documentada;placeholder;;"Documentada en el corpus §12 pero ningún ejemplo de los bancos 6/7/8 la utiliza. Se conserva en el catálogo y queda disponible por categoría y buscador; no se le asigna una necesidad sin uso que lo respalde."
g186;VIERNES;sena_lexica;Viernes;M1-T17-05;M1 · Días de la semana · p.127;trazada en corpus §12;tiempo;tiempo;consultas|denuncias|tramites;campo contexts del catálogo;False;;;0;sena_documentada;placeholder;;"Documentada en el corpus §12 pero ningún ejemplo de los bancos 6/7/8 la utiliza. Se conserva en el catálogo y queda disponible por categoría y buscador; no se le asigna una necesidad sin uso que lo respalde."
g187;ACEPTAR;sena_lexica;Aceptar;M3-T04-12;M3 · Verbos III · p.55;trazada en corpus §12;verboAccion;accion;consultas|denuncias|tramites;campo contexts del catálogo;True;;;0;sena_documentada;placeholder;;"Documentada en el corpus §12 pero ningún ejemplo de los bancos 6/7/8 la utiliza. Se conserva en el catálogo y queda disponible por categoría y buscador; no se le asigna una necesidad sin uso que lo respalde."
g188;ALLÁ;sena_lexica;Allá;M2-T20-08;M2 · Adverbios de lugar · p.119;trazada en corpus §12;lugar;lugar;consultas|denuncias|tramites;campo contexts del catálogo;False;;;0;sena_documentada;placeholder;;"Documentada en el corpus §12 pero ningún ejemplo de los bancos 6/7/8 la utiliza. Se conserva en el catálogo y queda disponible por categoría y buscador; no se le asigna una necesidad sin uso que lo respalde."
g189;ANDAR;sena_lexica;Andar;M4-T02-07;M4 · Verbos IV · p.39;trazada en corpus §12;verboAccion;accion;consultas|denuncias|tramites;campo contexts del catálogo;True;;;0;sena_documentada;placeholder;;"Documentada en el corpus §12 pero ningún ejemplo de los bancos 6/7/8 la utiliza. Se conserva en el catálogo y queda disponible por categoría y buscador; no se le asigna una necesidad sin uso que lo respalde."
g190;ASISTENTE;sena_lexica;Asistente;M4-T10-12;M4 · Política II · p.89;trazada en corpus §12;servicio;interaccion;consultas|denuncias|tramites;campo contexts del catálogo;False;;;0;sena_documentada;placeholder;;"Documentada en el corpus §12 pero ningún ejemplo de los bancos 6/7/8 la utiliza. Se conserva en el catálogo y queda disponible por categoría y buscador; no se le asigna una necesidad sin uso que lo respalde."
g191;ASOCIACIÓN_SORDOS;sena_lexica;Asociación (Sordos);M3-T01-12;M3 · Diálogo · p.37;trazada en corpus §12;personaDesc;participante;consultas|denuncias|tramites;campo contexts del catálogo;False;;;0;sena_documentada;placeholder;;"Documentada en el corpus §12 pero ningún ejemplo de los bancos 6/7/8 la utiliza. Se conserva en el catálogo y queda disponible por categoría y buscador; no se le asigna una necesidad sin uso que lo respalde."
g192;ATRÁS;sena_lexica;Atrás;M2-T20-01;M2 · Adverbios de lugar · p.119;trazada en corpus §12;lugar;lugar;consultas|denuncias|tramites;campo contexts del catálogo;False;;;0;sena_documentada;placeholder;;"Documentada en el corpus §12 pero ningún ejemplo de los bancos 6/7/8 la utiliza. Se conserva en el catálogo y queda disponible por categoría y buscador; no se le asigna una necesidad sin uso que lo respalde."
g193;BARRIO;sena_lexica;Barrio;M3-T16-14;M3 · Lugares II · p.123;trazada en corpus §12;lugar;lugar;consultas|denuncias|tramites;campo contexts del catálogo;False;;;0;sena_documentada;placeholder;;"Documentada en el corpus §12 pero ningún ejemplo de los bancos 6/7/8 la utiliza. Se conserva en el catálogo y queda disponible por categoría y buscador; no se le asigna una necesidad sin uso que lo respalde."
g194;BOCA;sena_lexica;Boca;M1-T03-12;M1 · Cuerpo humano · p.63;trazada en corpus §12;objeto;objeto;consultas|denuncias|tramites;campo contexts del catálogo;True;;;0;sena_documentada;placeholder;;"Documentada en el corpus §12 pero ningún ejemplo de los bancos 6/7/8 la utiliza. Se conserva en el catálogo y queda disponible por categoría y buscador; no se le asigna una necesidad sin uso que lo respalde."
g195;BOLSA;sena_lexica;Bolsa;M3-T09-09;M3 · Cocinar · p.83;trazada en corpus §12;objeto;objeto;denuncias;uso en el grafo;False;object|polarity;question;1;sena_documentada;placeholder;;
g196;BUENO;sena_lexica;Bueno;M2-T01-19;M2 · Opuestos · p.33;trazada en corpus §12;descriptor;descriptor;consultas|denuncias|tramites;campo contexts del catálogo;False;;;0;sena_documentada;placeholder;;"Documentada en el corpus §12 pero ningún ejemplo de los bancos 6/7/8 la utiliza. Se conserva en el catálogo y queda disponible por categoría y buscador; no se le asigna una necesidad sin uso que lo respalde."
g197;CABELLO;sena_lexica;Cabello;M1-T03-14;M1 · Cuerpo humano · p.63;trazada en corpus §12;objeto;objeto;denuncias;uso en el grafo;False;person;question;1;sena_documentada;placeholder;;
g198;CADA_DÍA;sena_lexica;Cada día;M3-T17-18;M3 · Tiempo III · p.129;trazada en corpus §12;tiempo;tiempo;consultas|denuncias|tramites;campo contexts del catálogo;False;;;0;sena_documentada;placeholder;;"Documentada en el corpus §12 pero ningún ejemplo de los bancos 6/7/8 la utiliza. Se conserva en el catálogo y queda disponible por categoría y buscador; no se le asigna una necesidad sin uso que lo respalde."
g199;CHAMARRA;sena_lexica;Chamarra;M4-T12-03;M4 · Ropas II · p.105;trazada en corpus §12;objeto;objeto;denuncias;uso en el grafo;False;person;question;1;sena_documentada;placeholder;;
g200;COCHABAMBA;sena_lexica;Cochabamba;M1-T09-03;M1 · Deptos. de Bolivia · p.89;trazada en corpus §12;lugar;lugar;consultas|denuncias|tramites;campo contexts del catálogo;False;;;0;sena_documentada;placeholder;;"Documentada en el corpus §12 pero ningún ejemplo de los bancos 6/7/8 la utiliza. Se conserva en el catálogo y queda disponible por categoría y buscador; no se le asigna una necesidad sin uso que lo respalde."
g201;COMPRAR;sena_lexica;Comprar;M1-T12-04;M1 · Verbos · p.101;trazada en corpus §12;verboAccion;accion;consultas|denuncias|tramites;campo contexts del catálogo;True;;;0;sena_documentada;placeholder;;"Documentada en el corpus §12 pero ningún ejemplo de los bancos 6/7/8 la utiliza. Se conserva en el catálogo y queda disponible por categoría y buscador; no se le asigna una necesidad sin uso que lo respalde."
g202;COMUNIDAD_SORDA;sena_lexica;Comunidad Sorda;M4-T10-20;M4 · Política II · p.89;trazada en corpus §12;personaDesc;participante;consultas|denuncias|tramites;campo contexts del catálogo;False;;;0;sena_documentada;placeholder;;"Documentada en el corpus §12 pero ningún ejemplo de los bancos 6/7/8 la utiliza. Se conserva en el catálogo y queda disponible por categoría y buscador; no se le asigna una necesidad sin uso que lo respalde."
g203;DEVOLVER;sena_lexica;Devolver;M4-T02-26;M4 · Verbos IV · p.39;trazada en corpus §12;verboAccion;accion;consultas|denuncias|tramites;campo contexts del catálogo;True;;;0;sena_documentada;placeholder;;"Documentada en el corpus §12 pero ningún ejemplo de los bancos 6/7/8 la utiliza. Se conserva en el catálogo y queda disponible por categoría y buscador; no se le asigna una necesidad sin uso que lo respalde."
g204;DOLOR;sena_lexica;Dolor;M2-T13-17;M2 · Salud sexual y reproductiva · p.91;trazada en corpus §12;urgencia;estado;consultas|denuncias|tramites;campo contexts del catálogo;False;;;0;sena_documentada;placeholder;;"Documentada en el corpus §12 pero ningún ejemplo de los bancos 6/7/8 la utiliza. Se conserva en el catálogo y queda disponible por categoría y buscador; no se le asigna una necesidad sin uso que lo respalde."
g205;DURANTE;sena_lexica;Durante;M3-T17-16;M3 · Tiempo III · p.129;trazada en corpus §12;tiempo;tiempo;consultas|denuncias|tramites;campo contexts del catálogo;False;;;0;sena_documentada;placeholder;;"Documentada en el corpus §12 pero ningún ejemplo de los bancos 6/7/8 la utiliza. Se conserva en el catálogo y queda disponible por categoría y buscador; no se le asigna una necesidad sin uso que lo respalde."
g206;EDAD;sena_lexica;Edad;M4-T06-20;M4 · Personas · p.61;trazada en corpus §12;marcador;marcador;consultas|denuncias|tramites;campo contexts del catálogo;False;;;0;sena_documentada;placeholder;;"Documentada en el corpus §12 pero ningún ejemplo de los bancos 6/7/8 la utiliza. Se conserva en el catálogo y queda disponible por categoría y buscador; no se le asigna una necesidad sin uso que lo respalde."
g207;EMPEZAR;sena_lexica;Empezar;M2-T02-08;M2 · Verbos II · p.41;trazada en corpus §12;verboAccion;accion;consultas|denuncias|tramites;uso en el grafo;False;free_text|polarity;question|statement;2;sena_documentada;placeholder;;
g208;ESCAPAR;sena_lexica;Escapar;M4-T02-23;M4 · Verbos IV · p.39;trazada en corpus §12;verboAgresion;accion;denuncias;uso en el grafo;False;polarity;question;1;sena_documentada;placeholder;Es un hecho propio, no un calificador de robo. Seleccionarla sola no autoriza a redactar una denuncia de robo.;
g209;ESCUELA;sena_lexica;Escuela;M1-T05-06;M1 · Lugares · p.71;trazada en corpus §12;lugar;lugar;consultas|denuncias|tramites;campo contexts del catálogo;False;;;0;sena_documentada;placeholder;;"Documentada en el corpus §12 pero ningún ejemplo de los bancos 6/7/8 la utiliza. Se conserva en el catálogo y queda disponible por categoría y buscador; no se le asigna una necesidad sin uso que lo respalde."
g210;FRACTURA;sena_lexica;Fractura;M4-T03-11;M4 · Salud II · p.45;trazada en corpus §12;urgencia;estado;consultas|denuncias|tramites;campo contexts del catálogo;False;;;0;sena_documentada;placeholder;;"Documentada en el corpus §12 pero ningún ejemplo de los bancos 6/7/8 la utiliza. Se conserva en el catálogo y queda disponible por categoría y buscador; no se le asigna una necesidad sin uso que lo respalde."
g211;FUTURO;sena_lexica;Futuro;M2-T05-07;M2 · Tiempo II · p.53;trazada en corpus §12;tiempo;tiempo;consultas|denuncias|tramites;campo contexts del catálogo;False;;;0;sena_documentada;placeholder;;"Documentada en el corpus §12 pero ningún ejemplo de los bancos 6/7/8 la utiliza. Se conserva en el catálogo y queda disponible por categoría y buscador; no se le asigna una necesidad sin uso que lo respalde."
g212;GORRA;sena_lexica;Gorra;M4-T12-08;M4 · Ropas II · p.105;trazada en corpus §12;objeto;objeto;denuncias;uso en el grafo;False;polarity;question;1;sena_documentada;placeholder;;
g213;HASTA_LUEGO;sena_lexica;Hasta luego;M2-T05-10;M2 · Tiempo II · p.53;trazada en corpus §12;marcador;marcador;consultas|denuncias|tramites;campo contexts del catálogo;False;;;0;sena_documentada;placeholder;;"Documentada en el corpus §12 pero ningún ejemplo de los bancos 6/7/8 la utiliza. Se conserva en el catálogo y queda disponible por categoría y buscador; no se le asigna una necesidad sin uso que lo respalde."
g214;HASTA_MAÑANA;sena_lexica;Hasta mañana;M2-T05-11;M2 · Tiempo II · p.53;trazada en corpus §12;marcador;marcador;consultas|denuncias|tramites;campo contexts del catálogo;False;;;0;sena_documentada;placeholder;;"Documentada en el corpus §12 pero ningún ejemplo de los bancos 6/7/8 la utiliza. Se conserva en el catálogo y queda disponible por categoría y buscador; no se le asigna una necesidad sin uso que lo respalde."
g215;HIJO;sena_lexica;Hijo;M1-T02-10;M1 · Familia · p.59;trazada en corpus §12;personaDesc;participante;denuncias;uso en el grafo;False;person|polarity;question;1;sena_documentada;placeholder;;
g216;JEFE;sena_lexica;Jefe;M2-T10-07;M2 · Trabajo · p.79;trazada en corpus §12;personaDesc;participante;consultas|denuncias|tramites;campo contexts del catálogo;False;;;0;sena_documentada;placeholder;;"Documentada en el corpus §12 pero ningún ejemplo de los bancos 6/7/8 la utiliza. Se conserva en el catálogo y queda disponible por categoría y buscador; no se le asigna una necesidad sin uso que lo respalde."
g217;LLAMAR;sena_lexica;Llamar;M3-T01-10;M3 · Diálogo · p.37;trazada en corpus §12;verboAccion;accion;consultas|denuncias|tramites;campo contexts del catálogo;True;;;0;sena_documentada;placeholder;;"Documentada en el corpus §12 pero ningún ejemplo de los bancos 6/7/8 la utiliza. Se conserva en el catálogo y queda disponible por categoría y buscador; no se le asigna una necesidad sin uso que lo respalde."
g218;MIRAR;sena_lexica;Ver;M2-T02-18;M2 · Verbos II · p.41;trazada en corpus §12;verboAccion;accion;consultas|denuncias|tramites;campo contexts del catálogo;True;;;0;sena_documentada;placeholder;;"Documentada en el corpus §12 pero ningún ejemplo de los bancos 6/7/8 la utiliza. Se conserva en el catálogo y queda disponible por categoría y buscador; no se le asigna una necesidad sin uso que lo respalde."
g219;PELEAR;sena_lexica;Pelear;M4-T02-10;M4 · Verbos IV · p.39;trazada en corpus §12;verboAgresion;accion;consultas|denuncias|tramites;campo contexts del catálogo;False;;;0;sena_documentada;placeholder;;"Documentada en el corpus §12 pero ningún ejemplo de los bancos 6/7/8 la utiliza. Se conserva en el catálogo y queda disponible por categoría y buscador; no se le asigna una necesidad sin uso que lo respalde."
g220;POLERA;sena_lexica;Polera;M2-T06-14;M2 · Prendas de vestir · p.57;trazada en corpus §12;objeto;objeto;denuncias;uso en el grafo;False;person;question;1;sena_documentada;placeholder;;
g221;PREOCUPAR;sena_lexica;Preocupar;M4-T02-11;M4 · Verbos IV · p.39;trazada en corpus §12;emocion;estado;consultas|denuncias|tramites;campo contexts del catálogo;True;;;0;sena_documentada;placeholder;;"Documentada en el corpus §12 pero ningún ejemplo de los bancos 6/7/8 la utiliza. Se conserva en el catálogo y queda disponible por categoría y buscador; no se le asigna una necesidad sin uso que lo respalde."
g222;REUNIÓN;sena_lexica;Reunión;M4-T10-13;M4 · Política II · p.89;trazada en corpus §12;verboAccion;accion;consultas|tramites;uso en el grafo;False;polarity;question;1;sena_documentada;placeholder;;
g223;ROJO;sena_lexica;Rojo;M1-T07-01;M1 · Colores · p.81;trazada en corpus §12;descriptor;descriptor;consultas|denuncias|tramites;campo contexts del catálogo;False;;;0;sena_documentada;placeholder;;"Documentada en el corpus §12 pero ningún ejemplo de los bancos 6/7/8 la utiliza. Se conserva en el catálogo y queda disponible por categoría y buscador; no se le asigna una necesidad sin uso que lo respalde."
g224;SEPARADOS;sena_lexica;Separados;M3-T11-12;M3 · Estado Civil · p.95;trazada en corpus §12;personaDesc;participante;consultas|denuncias|tramites;campo contexts del catálogo;False;;;0;sena_documentada;placeholder;;"Documentada en el corpus §12 pero ningún ejemplo de los bancos 6/7/8 la utiliza. Se conserva en el catálogo y queda disponible por categoría y buscador; no se le asigna una necesidad sin uso que lo respalde."
g225;SIEMPRE;sena_lexica;Siempre;M3-T17-07;M3 · Tiempo III · p.129;trazada en corpus §12;tiempo;tiempo;consultas|denuncias|tramites;campo contexts del catálogo;False;;;0;sena_documentada;placeholder;;"Documentada en el corpus §12 pero ningún ejemplo de los bancos 6/7/8 la utiliza. Se conserva en el catálogo y queda disponible por categoría y buscador; no se le asigna una necesidad sin uso que lo respalde."
g226;URGENTE;sena_lexica;Urgente;M3-T17-13;M3 · Tiempo III · p.129;trazada en corpus §12;urgencia;estado;consultas|denuncias|tramites;campo contexts del catálogo;False;;;0;sena_documentada;placeholder;;"Documentada en el corpus §12 pero ningún ejemplo de los bancos 6/7/8 la utiliza. Se conserva en el catálogo y queda disponible por categoría y buscador; no se le asigna una necesidad sin uso que lo respalde."
g227;VARIOS;sena_lexica;Algunos;M4-T17-06;M4 · Escuela II · p.129;trazada en corpus §12;sujeto;participante;consultas|denuncias|tramites;campo contexts del catálogo;False;;;0;sena_documentada;placeholder;;"Documentada en el corpus §12 pero ningún ejemplo de los bancos 6/7/8 la utiliza. Se conserva en el catálogo y queda disponible por categoría y buscador; no se le asigna una necesidad sin uso que lo respalde."
g228;VENDER;sena_lexica;Vender;M1-T12-05;M1 · Verbos · p.101;trazada en corpus §12;verboAccion;accion;consultas|denuncias|tramites;campo contexts del catálogo;True;;;0;sena_documentada;placeholder;;"Documentada en el corpus §12 pero ningún ejemplo de los bancos 6/7/8 la utiliza. Se conserva en el catálogo y queda disponible por categoría y buscador; no se le asigna una necesidad sin uso que lo respalde."
g229;ÚLTIMO;sena_lexica;Último;M3-T17-09;M3 · Tiempo III · p.129;trazada en corpus §12;tiempo;tiempo;consultas|denuncias|tramites;campo contexts del catálogo;False;;;0;sena_documentada;placeholder;;"Documentada en el corpus §12 pero ningún ejemplo de los bancos 6/7/8 la utiliza. Se conserva en el catálogo y queda disponible por categoría y buscador; no se le asigna una necesidad sin uso que lo respalde."
g230;ABRIR;sena_lexica;Abrir;M1-T12-07;M1 · Verbos · p.101;trazada en corpus §12;verboAccion;accion;consultas|denuncias|tramites;campo contexts del catálogo;True;;;0;sena_documentada;placeholder;;"Documentada en el corpus §12 pero ningún ejemplo de los bancos 6/7/8 la utiliza. Se conserva en el catálogo y queda disponible por categoría y buscador; no se le asigna una necesidad sin uso que lo respalde."
g231;ADULTO;sena_lexica;Adulto;M2-T08-19;M2 · Familia II · p.67;trazada en corpus §12;personaDesc;participante;denuncias;uso en el grafo;False;polarity;question;1;sena_documentada;placeholder;;
g232;ALCALDÍA;sena_lexica;Alcaldía;M3-T02-07;M3 · Política I · p.43;trazada en corpus §12;institucion;institucion;consultas|denuncias|tramites;campo contexts del catálogo;False;;;0;sena_documentada;placeholder;;"Documentada en el corpus §12 pero ningún ejemplo de los bancos 6/7/8 la utiliza. Se conserva en el catálogo y queda disponible por categoría y buscador; no se le asigna una necesidad sin uso que lo respalde."
g233;AÑO;sena_lexica;Año;M1-T15-04;M1 · Tiempo · p.117;trazada en corpus §12;tiempo;tiempo;consultas|denuncias|tramites;campo contexts del catálogo;False;;;0;sena_documentada;placeholder;;"Documentada en el corpus §12 pero ningún ejemplo de los bancos 6/7/8 la utiliza. Se conserva en el catálogo y queda disponible por categoría y buscador; no se le asigna una necesidad sin uso que lo respalde."
g234;AÑO_PASADO;sena_lexica;Año pasado;M2-T05-09;M2 · Tiempo II · p.53;trazada en corpus §12;tiempo;tiempo;consultas|denuncias|tramites;campo contexts del catálogo;False;;;0;sena_documentada;placeholder;;"Documentada en el corpus §12 pero ningún ejemplo de los bancos 6/7/8 la utiliza. Se conserva en el catálogo y queda disponible por categoría y buscador; no se le asigna una necesidad sin uso que lo respalde."
g235;BAJO;sena_lexica;Bajo;M2-T01-02;M2 · Opuestos · p.33;trazada en corpus §12;rasgo;descriptor;denuncias;uso en el grafo;False;polarity;question;1;sena_documentada;placeholder;;
g236;BUENOS_DÍAS;sena_lexica;Buenos días;M1-T01-04;M1 · Saludos · p.55;trazada en corpus §12;marcador;marcador;consultas|denuncias|tramites;campo contexts del catálogo;True;;;0;sena_documentada;placeholder;;"Documentada en el corpus §12 pero ningún ejemplo de los bancos 6/7/8 la utiliza. Se conserva en el catálogo y queda disponible por categoría y buscador; no se le asigna una necesidad sin uso que lo respalde."
g237;BURLAR;sena_lexica;Burlar;M4-T09-06;M4 · Diálogo II · p.83;trazada en corpus §12;verboAccion;accion;consultas|denuncias|tramites;campo contexts del catálogo;True;;;0;sena_documentada;placeholder;;"Documentada en el corpus §12 pero ningún ejemplo de los bancos 6/7/8 la utiliza. Se conserva en el catálogo y queda disponible por categoría y buscador; no se le asigna una necesidad sin uso que lo respalde."
g238;CARO;sena_lexica;Caro;M2-T01-28;M2 · Opuestos · p.33;trazada en corpus §12;descriptor;descriptor;consultas|denuncias|tramites;campo contexts del catálogo;False;;;0;sena_documentada;placeholder;;"Documentada en el corpus §12 pero ningún ejemplo de los bancos 6/7/8 la utiliza. Se conserva en el catálogo y queda disponible por categoría y buscador; no se le asigna una necesidad sin uso que lo respalde."
g239;CONFIANZA;sena_lexica;Confianza;M4-T11-11;M4 · General II · p.99;trazada en corpus §12;emocion;estado;consultas|denuncias|tramites;campo contexts del catálogo;True;;;0;sena_documentada;placeholder;;"Documentada en el corpus §12 pero ningún ejemplo de los bancos 6/7/8 la utiliza. Se conserva en el catálogo y queda disponible por categoría y buscador; no se le asigna una necesidad sin uso que lo respalde."
g240;CONTINUAR;sena_lexica;Continuar;M3-T14-15;M3 · General I · p.111;trazada en corpus §12;verboAccion;accion;consultas|denuncias|tramites;uso en el grafo;False;free_text|polarity;question|statement;2;sena_documentada;placeholder;;
g241;CORTO;sena_lexica;Corto;M4-T04-28;M4 · Opuestos II · p.51;trazada en corpus §12;descriptor;descriptor;consultas|denuncias|tramites;campo contexts del catálogo;False;;;0;sena_documentada;placeholder;;"Documentada en el corpus §12 pero ningún ejemplo de los bancos 6/7/8 la utiliza. Se conserva en el catálogo y queda disponible por categoría y buscador; no se le asigna una necesidad sin uso que lo respalde."
g242;CURAR;sena_lexica;Curar;M3-T03-21;M3 · Salud · p.49;trazada en corpus §12;verboAccion;accion;consultas|denuncias|tramites;campo contexts del catálogo;False;;;0;sena_documentada;placeholder;;"Documentada en el corpus §12 pero ningún ejemplo de los bancos 6/7/8 la utiliza. Se conserva en el catálogo y queda disponible por categoría y buscador; no se le asigna una necesidad sin uso que lo respalde."
g243;DE_NADA;sena_lexica;De nada;M4-T11-27;M4 · General II · p.99;trazada en corpus §12;marcador;marcador;consultas|denuncias|tramites;campo contexts del catálogo;False;;;0;sena_documentada;placeholder;;"Documentada en el corpus §12 pero ningún ejemplo de los bancos 6/7/8 la utiliza. Se conserva en el catálogo y queda disponible por categoría y buscador; no se le asigna una necesidad sin uso que lo respalde."
g244;DEJAR;sena_lexica;Dejar;M4-T11-23;M4 · General II · p.99;trazada en corpus §12;verboAccion;accion;consultas|denuncias|tramites;campo contexts del catálogo;True;;;0;sena_documentada;placeholder;;"Documentada en el corpus §12 pero ningún ejemplo de los bancos 6/7/8 la utiliza. Se conserva en el catálogo y queda disponible por categoría y buscador; no se le asigna una necesidad sin uso que lo respalde."
g245;DESCANSO;sena_lexica;Descanso;M3-T17-05;M3 · Tiempo III · p.129;trazada en corpus §12;tiempo;tiempo;consultas|denuncias|tramites;campo contexts del catálogo;False;;;0;sena_documentada;placeholder;;"Documentada en el corpus §12 pero ningún ejemplo de los bancos 6/7/8 la utiliza. Se conserva en el catálogo y queda disponible por categoría y buscador; no se le asigna una necesidad sin uso que lo respalde."
g246;DIFERENTE;sena_lexica;Diferente;M3-T14-02;M3 · General I · p.111;trazada en corpus §12;descriptor;descriptor;consultas|denuncias|tramites;campo contexts del catálogo;False;;;0;sena_documentada;placeholder;;"Documentada en el corpus §12 pero ningún ejemplo de los bancos 6/7/8 la utiliza. Se conserva en el catálogo y queda disponible por categoría y buscador; no se le asigna una necesidad sin uso que lo respalde."
g247;DIFÍCIL;sena_lexica;Difícil;M3-T12-08;M3 · Opuestos II · p.101;trazada en corpus §12;descriptor;descriptor;consultas|denuncias|tramites;campo contexts del catálogo;False;;;0;sena_documentada;placeholder;;"Documentada en el corpus §12 pero ningún ejemplo de los bancos 6/7/8 la utiliza. Se conserva en el catálogo y queda disponible por categoría y buscador; no se le asigna una necesidad sin uso que lo respalde."
g248;DISCRIMINACIÓN;sena_lexica;Discriminación;M4-T10-42;M4 · Política II · p.89;trazada en corpus §12;documento;evidencia;consultas|denuncias|tramites;campo contexts del catálogo;False;;;0;sena_documentada;placeholder;;"Documentada en el corpus §12 pero ningún ejemplo de los bancos 6/7/8 la utiliza. Se conserva en el catálogo y queda disponible por categoría y buscador; no se le asigna una necesidad sin uso que lo respalde."
g249;DORMIR;sena_lexica;Dormir;M1-T12-21;M1 · Verbos · p.101;trazada en corpus §12;verboAccion;accion;consultas|denuncias|tramites;campo contexts del catálogo;True;;;0;sena_documentada;placeholder;;"Documentada en el corpus §12 pero ningún ejemplo de los bancos 6/7/8 la utiliza. Se conserva en el catálogo y queda disponible por categoría y buscador; no se le asigna una necesidad sin uso que lo respalde."
g250;ENFRENTE;sena_lexica;Enfrente;M2-T20-07;M2 · Adverbios de lugar · p.119;trazada en corpus §12;lugar;lugar;consultas|denuncias|tramites;campo contexts del catálogo;False;;;0;sena_documentada;placeholder;;"Documentada en el corpus §12 pero ningún ejemplo de los bancos 6/7/8 la utiliza. Se conserva en el catálogo y queda disponible por categoría y buscador; no se le asigna una necesidad sin uso que lo respalde."
g251;ESCUELA_NOCTURNA;sena_lexica;Escuela nocturna;M2-T15-03;M2 · Educación · p.99;trazada en corpus §12;lugar;lugar;consultas|denuncias|tramites;campo contexts del catálogo;False;;;0;sena_documentada;placeholder;;"Documentada en el corpus §12 pero ningún ejemplo de los bancos 6/7/8 la utiliza. Se conserva en el catálogo y queda disponible por categoría y buscador; no se le asigna una necesidad sin uso que lo respalde."
g252;ESPOSA;sena_lexica;Esposa;M1-T02-06;M1 · Familia · p.59;trazada en corpus §12;personaDesc;participante;consultas|denuncias|tramites;campo contexts del catálogo;False;;;0;sena_documentada;placeholder;;"Documentada en el corpus §12 pero ningún ejemplo de los bancos 6/7/8 la utiliza. Se conserva en el catálogo y queda disponible por categoría y buscador; no se le asigna una necesidad sin uso que lo respalde."
g253;EVALUAR;sena_lexica;Evaluar;M4-T02-06;M4 · Verbos IV · p.39;trazada en corpus §12;verboAccion;accion;consultas|denuncias|tramites;campo contexts del catálogo;True;;;0;sena_documentada;placeholder;;"Documentada en el corpus §12 pero ningún ejemplo de los bancos 6/7/8 la utiliza. Se conserva en el catálogo y queda disponible por categoría y buscador; no se le asigna una necesidad sin uso que lo respalde."
g254;FUERA;sena_lexica;Fuera;M2-T20-04;M2 · Adverbios de lugar · p.119;trazada en corpus §12;lugar;lugar;denuncias;uso en el grafo;False;place|polarity;question;1;sena_documentada;placeholder;;
g255;GANAR_DINERO;sena_lexica;Ganar dinero;M3-T01-14;M3 · Diálogo · p.37;trazada en corpus §12;verboAccion;accion;consultas|denuncias|tramites;campo contexts del catálogo;True;;;0;sena_documentada;placeholder;;"Documentada en el corpus §12 pero ningún ejemplo de los bancos 6/7/8 la utiliza. Se conserva en el catálogo y queda disponible por categoría y buscador; no se le asigna una necesidad sin uso que lo respalde."
g256;GOBIERNO;sena_lexica;Gobierno;M3-T02-08;M3 · Política I · p.43;trazada en corpus §12;institucion;institucion;consultas|denuncias|tramites;campo contexts del catálogo;False;;;0;sena_documentada;placeholder;;"Documentada en el corpus §12 pero ningún ejemplo de los bancos 6/7/8 la utiliza. Se conserva en el catálogo y queda disponible por categoría y buscador; no se le asigna una necesidad sin uso que lo respalde."
g257;GORDO;sena_lexica;Gordo;M2-T01-07;M2 · Opuestos · p.33;trazada en corpus §12;rasgo;descriptor;denuncias;uso en el grafo;False;polarity;question;1;sena_documentada;placeholder;;
g258;GRITAR;sena_lexica;Gritar;M4-T02-24;M4 · Verbos IV · p.39;trazada en corpus §12;verboAccion;accion;consultas|denuncias|tramites;campo contexts del catálogo;True;;;0;sena_documentada;placeholder;;"Documentada en el corpus §12 pero ningún ejemplo de los bancos 6/7/8 la utiliza. Se conserva en el catálogo y queda disponible por categoría y buscador; no se le asigna una necesidad sin uso que lo respalde."
g259;HOLA;sena_lexica;Hola;M1-T01-01;M1 · Saludos · p.55;trazada en corpus §12;marcador;marcador;consultas|denuncias|tramites;campo contexts del catálogo;False;;;0;sena_documentada;baked;;"Documentada en el corpus §12 pero ningún ejemplo de los bancos 6/7/8 la utiliza. Se conserva en el catálogo y queda disponible por categoría y buscador; no se le asigna una necesidad sin uso que lo respalde."
g260;HUESOS;sena_lexica;Huesos;M4-T03-09;M4 · Salud II · p.45;trazada en corpus §12;urgencia;estado;consultas|denuncias|tramites;campo contexts del catálogo;False;;;0;sena_documentada;placeholder;;"Documentada en el corpus §12 pero ningún ejemplo de los bancos 6/7/8 la utiliza. Se conserva en el catálogo y queda disponible por categoría y buscador; no se le asigna una necesidad sin uso que lo respalde."
g261;IGNORAR;sena_lexica;Ignorar;M4-T09-05;M4 · Diálogo II · p.83;trazada en corpus §12;verboAccion;accion;consultas|denuncias|tramites;campo contexts del catálogo;True;;;0;sena_documentada;placeholder;;"Documentada en el corpus §12 pero ningún ejemplo de los bancos 6/7/8 la utiliza. Se conserva en el catálogo y queda disponible por categoría y buscador; no se le asigna una necesidad sin uso que lo respalde."
g262;JULIO;sena_lexica;Julio;M1-T16-07;M1 · Calendario · p.121;trazada en corpus §12;tiempo;tiempo;consultas|denuncias|tramites;campo contexts del catálogo;False;;;0;sena_documentada;placeholder;;"Documentada en el corpus §12 pero ningún ejemplo de los bancos 6/7/8 la utiliza. Se conserva en el catálogo y queda disponible por categoría y buscador; no se le asigna una necesidad sin uso que lo respalde."
g263;LENTES;sena_lexica;Lentes;M4-T14-02;M4 · Sustantivos IV · p.113;trazada en corpus §12;objeto;objeto;denuncias;uso en el grafo;False;polarity;question;1;sena_documentada;placeholder;;
g264;LIBRE;sena_lexica;Libre;M3-T17-11;M3 · Tiempo III · p.129;trazada en corpus §12;tiempo;tiempo;consultas|denuncias|tramites;campo contexts del catálogo;False;;;0;sena_documentada;placeholder;;"Documentada en el corpus §12 pero ningún ejemplo de los bancos 6/7/8 la utiliza. Se conserva en el catálogo y queda disponible por categoría y buscador; no se le asigna una necesidad sin uso que lo respalde."
g265;LISTA;sena_lexica;Lista;M3-T08-07;M3 · Escuela · p.77;trazada en corpus §12;documento;evidencia;consultas|denuncias|tramites;campo contexts del catálogo;False;;;0;sena_documentada;placeholder;;"Documentada en el corpus §12 pero ningún ejemplo de los bancos 6/7/8 la utiliza. Se conserva en el catálogo y queda disponible por categoría y buscador; no se le asigna una necesidad sin uso que lo respalde."
g266;LLEGAR;sena_lexica;Llegar;M2-T02-23;M2 · Verbos II · p.41;trazada en corpus §12;verboAccion;accion;consultas|denuncias|tramites;campo contexts del catálogo;True;;;0;sena_documentada;placeholder;;"Documentada en el corpus §12 pero ningún ejemplo de los bancos 6/7/8 la utiliza. Se conserva en el catálogo y queda disponible por categoría y buscador; no se le asigna una necesidad sin uso que lo respalde."
g267;LO_SIENTO;sena_lexica;Lo siento;M1-T01-18;M1 · Saludos · p.55;trazada en corpus §12;marcador;marcador;consultas|denuncias|tramites;campo contexts del catálogo;False;;;0;sena_documentada;placeholder;;"Documentada en el corpus §12 pero ningún ejemplo de los bancos 6/7/8 la utiliza. Se conserva en el catálogo y queda disponible por categoría y buscador; no se le asigna una necesidad sin uso que lo respalde."
g268;LUEGO;sena_lexica;Luego;M2-T05-04;M2 · Tiempo II · p.53;trazada en corpus §12;tiempo;tiempo;consultas|denuncias|tramites;campo contexts del catálogo;False;;;0;sena_documentada;placeholder;;"Documentada en el corpus §12 pero ningún ejemplo de los bancos 6/7/8 la utiliza. Se conserva en el catálogo y queda disponible por categoría y buscador; no se le asigna una necesidad sin uso que lo respalde."
g269;LUNES;sena_lexica;Lunes;M1-T17-01;M1 · Días de la semana · p.127;trazada en corpus §12;tiempo;tiempo;consultas|denuncias|tramites;campo contexts del catálogo;False;;;0;sena_documentada;placeholder;;"Documentada en el corpus §12 pero ningún ejemplo de los bancos 6/7/8 la utiliza. Se conserva en el catálogo y queda disponible por categoría y buscador; no se le asigna una necesidad sin uso que lo respalde."
g270;MARTES;sena_lexica;Martes;M1-T17-02;M1 · Días de la semana · p.127;trazada en corpus §12;tiempo;tiempo;consultas|denuncias|tramites;campo contexts del catálogo;False;;;0;sena_documentada;placeholder;;"Documentada en el corpus §12 pero ningún ejemplo de los bancos 6/7/8 la utiliza. Se conserva en el catálogo y queda disponible por categoría y buscador; no se le asigna una necesidad sin uso que lo respalde."
g271;MARZO;sena_lexica;Marzo;M1-T16-03;M1 · Calendario · p.121;trazada en corpus §12;tiempo;tiempo;consultas|denuncias|tramites;campo contexts del catálogo;False;;;0;sena_documentada;placeholder;;"Documentada en el corpus §12 pero ningún ejemplo de los bancos 6/7/8 la utiliza. Se conserva en el catálogo y queda disponible por categoría y buscador; no se le asigna una necesidad sin uso que lo respalde."
g272;MEDICINA;sena_lexica;Medicina;M2-T13-02;M2 · Salud sexual y reproductiva · p.91;trazada en corpus §12;objeto;objeto;consultas|denuncias|tramites;campo contexts del catálogo;False;;;0;sena_documentada;placeholder;;"Documentada en el corpus §12 pero ningún ejemplo de los bancos 6/7/8 la utiliza. Se conserva en el catálogo y queda disponible por categoría y buscador; no se le asigna una necesidad sin uso que lo respalde."
g273;MENTIRA;sena_lexica;Mentira;M2-T01-26;M2 · Opuestos · p.33;trazada en corpus §12;marcador;marcador;consultas|denuncias|tramites;campo contexts del catálogo;False;;;0;sena_documentada;placeholder;;"Documentada en el corpus §12 pero ningún ejemplo de los bancos 6/7/8 la utiliza. Se conserva en el catálogo y queda disponible por categoría y buscador; no se le asigna una necesidad sin uso que lo respalde."
g274;MOMENTO;sena_lexica;Momento;M3-T17-17;M3 · Tiempo III · p.129;trazada en corpus §12;tiempo;tiempo;consultas|denuncias|tramites;campo contexts del catálogo;False;;;0;sena_documentada;placeholder;;"Documentada en el corpus §12 pero ningún ejemplo de los bancos 6/7/8 la utiliza. Se conserva en el catálogo y queda disponible por categoría y buscador; no se le asigna una necesidad sin uso que lo respalde."
g275;NO_ESTAR_DE_ACUERDO;sena_lexica;No estar de acuerdo;M3-T02-24;M3 · Política I · p.43;trazada en corpus §12;marcador;marcador;consultas|denuncias|tramites;campo contexts del catálogo;False;;;0;sena_documentada;placeholder;;"Documentada en el corpus §12 pero ningún ejemplo de los bancos 6/7/8 la utiliza. Se conserva en el catálogo y queda disponible por categoría y buscador; no se le asigna una necesidad sin uso que lo respalde."
g276;OCUPADO;sena_lexica;Ocupado;M3-T17-04;M3 · Tiempo III · p.129;trazada en corpus §12;tiempo;tiempo;consultas|denuncias|tramites;campo contexts del catálogo;False;;;0;sena_documentada;placeholder;;"Documentada en el corpus §12 pero ningún ejemplo de los bancos 6/7/8 la utiliza. Se conserva en el catálogo y queda disponible por categoría y buscador; no se le asigna una necesidad sin uso que lo respalde."
g277;OFICIAL;sena_lexica;Oficial;M4-T10-38;M4 · Política II · p.89;trazada en corpus §12;servicio;interaccion;consultas|denuncias|tramites;campo contexts del catálogo;False;;;0;sena_documentada;placeholder;;"Documentada en el corpus §12 pero ningún ejemplo de los bancos 6/7/8 la utiliza. Se conserva en el catálogo y queda disponible por categoría y buscador; no se le asigna una necesidad sin uso que lo respalde."
g278;ORGANIZAR;sena_lexica;Organizar;M4-T11-25;M4 · General II · p.99;trazada en corpus §12;verboAccion;accion;consultas|denuncias|tramites;campo contexts del catálogo;True;;;0;sena_documentada;placeholder;;"Documentada en el corpus §12 pero ningún ejemplo de los bancos 6/7/8 la utiliza. Se conserva en el catálogo y queda disponible por categoría y buscador; no se le asigna una necesidad sin uso que lo respalde."
g279;OYENTE;sena_lexica;Oyente;M3-T01-03;M3 · Diálogo · p.37;trazada en corpus §12;personaDesc;participante;consultas|denuncias|tramites;campo contexts del catálogo;False;;;0;sena_documentada;placeholder;;"Documentada en el corpus §12 pero ningún ejemplo de los bancos 6/7/8 la utiliza. Se conserva en el catálogo y queda disponible por categoría y buscador; no se le asigna una necesidad sin uso que lo respalde."
g280;PALABRA;sena_lexica;Palabra;M3-T08-15;M3 · Escuela · p.77;trazada en corpus §12;verboAccion;accion;consultas|denuncias|tramites;campo contexts del catálogo;True;;;0;sena_documentada;placeholder;;"Documentada en el corpus §12 pero ningún ejemplo de los bancos 6/7/8 la utiliza. Se conserva en el catálogo y queda disponible por categoría y buscador; no se le asigna una necesidad sin uso que lo respalde."
g281;PANTALÓN;sena_lexica;Pantalón;M2-T06-12;M2 · Prendas de vestir · p.57;trazada en corpus §12;objeto;objeto;denuncias;uso en el grafo;False;person;question;1;sena_documentada;placeholder;;
g282;PAREJA;sena_lexica;Pareja;M4-T06-15;M4 · Personas · p.61;trazada en corpus §12;personaDesc;participante;consultas|denuncias|tramites;uso en el grafo;True;free_text;statement;1;sena_documentada;placeholder;;
g283;PARIENTE;sena_lexica;Pariente;M3-T11-14;M3 · Estado Civil · p.95;trazada en corpus §12;personaDesc;participante;consultas|denuncias|tramites;campo contexts del catálogo;False;;;0;sena_documentada;placeholder;;"Documentada en el corpus §12 pero ningún ejemplo de los bancos 6/7/8 la utiliza. Se conserva en el catálogo y queda disponible por categoría y buscador; no se le asigna una necesidad sin uso que lo respalde."
g284;PASADO_MAÑANA;sena_lexica;Pasado mañana;M1-T15-10;M1 · Tiempo · p.117;trazada en corpus §12;tiempo;tiempo;consultas|denuncias|tramites;campo contexts del catálogo;False;;;0;sena_documentada;placeholder;;"Documentada en el corpus §12 pero ningún ejemplo de los bancos 6/7/8 la utiliza. Se conserva en el catálogo y queda disponible por categoría y buscador; no se le asigna una necesidad sin uso que lo respalde."
g285;PERMISO;sena_lexica;Permiso;M1-T01-03;M1 · Saludos · p.55;trazada en corpus §12;marcador;marcador;consultas|denuncias|tramites;campo contexts del catálogo;False;;;0;sena_documentada;baked;;"Documentada en el corpus §12 pero ningún ejemplo de los bancos 6/7/8 la utiliza. Se conserva en el catálogo y queda disponible por categoría y buscador; no se le asigna una necesidad sin uso que lo respalde."
g286;PROHIBIDO;sena_lexica;Prohibido;M3-T14-01;M3 · General I · p.111;trazada en corpus §12;documento;evidencia;consultas|denuncias|tramites;campo contexts del catálogo;False;;;0;sena_documentada;placeholder;;"Documentada en el corpus §12 pero ningún ejemplo de los bancos 6/7/8 la utiliza. Se conserva en el catálogo y queda disponible por categoría y buscador; no se le asigna una necesidad sin uso que lo respalde."
g287;PROVINCIA;sena_lexica;Provincia;M3-T16-08;M3 · Lugares II · p.123;trazada en corpus §12;lugar;lugar;consultas|denuncias|tramites;campo contexts del catálogo;False;;;0;sena_documentada;placeholder;;"Documentada en el corpus §12 pero ningún ejemplo de los bancos 6/7/8 la utiliza. Se conserva en el catálogo y queda disponible por categoría y buscador; no se le asigna una necesidad sin uso que lo respalde."
g288;RAYOS_X;sena_lexica;Rayos X;M4-T03-22;M4 · Salud II · p.45;trazada en corpus §12;objeto;objeto;consultas|denuncias|tramites;campo contexts del catálogo;False;;;0;sena_documentada;placeholder;;"Documentada en el corpus §12 pero ningún ejemplo de los bancos 6/7/8 la utiliza. Se conserva en el catálogo y queda disponible por categoría y buscador; no se le asigna una necesidad sin uso que lo respalde."
g289;RECHAZAR;sena_lexica;Rechazar;M3-T04-08;M3 · Verbos III · p.55;trazada en corpus §12;verboAccion;accion;consultas|denuncias|tramites;campo contexts del catálogo;True;;;0;sena_documentada;placeholder;;"Documentada en el corpus §12 pero ningún ejemplo de los bancos 6/7/8 la utiliza. Se conserva en el catálogo y queda disponible por categoría y buscador; no se le asigna una necesidad sin uso que lo respalde."
g290;RESULTADO;sena_lexica;Resultado;M4-T03-17;M4 · Salud II · p.45;trazada en corpus §12;documento;evidencia;consultas|denuncias|tramites;campo contexts del catálogo;False;;;0;sena_documentada;placeholder;;"Documentada en el corpus §12 pero ningún ejemplo de los bancos 6/7/8 la utiliza. Se conserva en el catálogo y queda disponible por categoría y buscador; no se le asigna una necesidad sin uso que lo respalde."
g291;SEGUNDO;sena_lexica;Segundo;M3-T17-01;M3 · Tiempo III · p.129;trazada en corpus §12;tiempo;tiempo;consultas|denuncias|tramites;campo contexts del catálogo;False;;;0;sena_documentada;placeholder;;"Documentada en el corpus §12 pero ningún ejemplo de los bancos 6/7/8 la utiliza. Se conserva en el catálogo y queda disponible por categoría y buscador; no se le asigna una necesidad sin uso que lo respalde."
g292;SEÑOR;sena_lexica;Señor;M4-T06-10;M4 · Personas · p.61;trazada en corpus §12;personaDesc;participante;consultas|denuncias|tramites;campo contexts del catálogo;False;;;0;sena_documentada;placeholder;;"Documentada en el corpus §12 pero ningún ejemplo de los bancos 6/7/8 la utiliza. Se conserva en el catálogo y queda disponible por categoría y buscador; no se le asigna una necesidad sin uso que lo respalde."
g293;SUYO;sena_lexica;Suyo;M1-T14-10;M1 · Pronombres · p.113;trazada en corpus §12;sujeto;participante;consultas|denuncias|tramites;campo contexts del catálogo;False;;;0;sena_documentada;placeholder;;"Documentada en el corpus §12 pero ningún ejemplo de los bancos 6/7/8 la utiliza. Se conserva en el catálogo y queda disponible por categoría y buscador; no se le asigna una necesidad sin uso que lo respalde."
g294;TAL_VEZ;sena_lexica;Tal vez;M3-T17-12;M3 · Tiempo III · p.129;trazada en corpus §12;marcador;marcador;consultas|denuncias|tramites;campo contexts del catálogo;False;;;0;sena_documentada;placeholder;;"Documentada en el corpus §12 pero ningún ejemplo de los bancos 6/7/8 la utiliza. Se conserva en el catálogo y queda disponible por categoría y buscador; no se le asigna una necesidad sin uso que lo respalde."
g295;TODOS_LOS_DÍAS;sena_lexica;Todos los días;M2-T05-13;M2 · Tiempo II · p.53;trazada en corpus §12;tiempo;tiempo;consultas|denuncias|tramites;campo contexts del catálogo;False;;;0;sena_documentada;placeholder;;"Documentada en el corpus §12 pero ningún ejemplo de los bancos 6/7/8 la utiliza. Se conserva en el catálogo y queda disponible por categoría y buscador; no se le asigna una necesidad sin uso que lo respalde."
g296;TRISTE;sena_lexica;Triste;M4-T04-11;M4 · Opuestos II · p.51;trazada en corpus §12;emocion;estado;consultas|denuncias|tramites;campo contexts del catálogo;True;;;0;sena_documentada;placeholder;;"Documentada en el corpus §12 pero ningún ejemplo de los bancos 6/7/8 la utiliza. Se conserva en el catálogo y queda disponible por categoría y buscador; no se le asigna una necesidad sin uso que lo respalde."
g297;TRUFI;sena_lexica;Trufi;M1-T10-06;M1 · Medios de transporte · p.93;trazada en corpus §12;objeto;objeto;consultas|denuncias|tramites;campo contexts del catálogo;False;;;0;sena_documentada;placeholder;;"Documentada en el corpus §12 pero ningún ejemplo de los bancos 6/7/8 la utiliza. Se conserva en el catálogo y queda disponible por categoría y buscador; no se le asigna una necesidad sin uso que lo respalde."
g298;ABUSAR;sena_lexica;Abusar;D2024-p3;II Diccionario Bilingüe LSB-Castellano (2024), p.3;trazada en corpus §12;verboAgresion;accion;consultas|denuncias|tramites;campo contexts del catálogo;False;;;0;sena_documentada;placeholder;;"Documentada en el corpus §12 pero ningún ejemplo de los bancos 6/7/8 la utiliza. Se conserva en el catálogo y queda disponible por categoría y buscador; no se le asigna una necesidad sin uso que lo respalde."
g299;ARRESTAR;sena_lexica;Arrestar;D2024-48;II Diccionario Bilingüe LSB-Castellano (2024), p.17;trazada en corpus §12;verboAccion;accion;consultas|denuncias|tramites;campo contexts del catálogo;True;;;0;sena_documentada;placeholder;;"Documentada en el corpus §12 pero ningún ejemplo de los bancos 6/7/8 la utiliza. Se conserva en el catálogo y queda disponible por categoría y buscador; no se le asigna una necesidad sin uso que lo respalde."
g300;IDENTIFICAR;sena_lexica;Identificar;D2024-p111;II Diccionario Bilingüe LSB-Castellano (2024), p.111;trazada en corpus §12;verboAccion;accion;consultas|denuncias|tramites;uso en el grafo;False;free_text|polarity;question|statement;2;sena_documentada;placeholder;;
g301;INSTITUCIÓN;sena_lexica;Institución;D2024-312;II Diccionario Bilingüe LSB-Castellano (2024), p.116;trazada en corpus §12;institucion;institucion;consultas|denuncias|tramites;campo contexts del catálogo;False;;;0;sena_documentada;placeholder;;"Documentada en el corpus §12 pero ningún ejemplo de los bancos 6/7/8 la utiliza. Se conserva en el catálogo y queda disponible por categoría y buscador; no se le asigna una necesidad sin uso que lo respalde."
g302;MALTRATAR;sena_lexica;Maltratar;D2024-p135;II Diccionario Bilingüe LSB-Castellano (2024), p.135;trazada en corpus §12;verboAgresion;accion;denuncias;uso en el grafo;False;polarity;question;1;sena_documentada;placeholder;;
g303;ÓRGANO_JUDICIAL;sena_lexica;Órgano Judicial;D2024-p157;II Diccionario Bilingüe LSB-Castellano (2024), p.157;trazada en corpus §12;institucion;institucion;consultas|tramites;uso en el grafo;False;place|polarity;question;2;sena_documentada;placeholder;;
g304;A;letra_dactilologica;;;;mecanismo de interfaz, sin entrada léxica;verboAccion;accion;consultas|denuncias|tramites;campo contexts del catálogo;False;;;0;letra_dactilologica;baked;;Mecanismo de deletreo o numeración: se usa dentro de una respuesta tipada, no como tarjeta de un nodo.
g305;B;letra_dactilologica;;;;mecanismo de interfaz, sin entrada léxica;verboAccion;accion;consultas|denuncias|tramites;campo contexts del catálogo;False;;;0;letra_dactilologica;baked;;Mecanismo de deletreo o numeración: se usa dentro de una respuesta tipada, no como tarjeta de un nodo.
g306;C;letra_dactilologica;;;;mecanismo de interfaz, sin entrada léxica;verboAccion;accion;consultas|denuncias|tramites;campo contexts del catálogo;False;;;0;letra_dactilologica;baked;;Mecanismo de deletreo o numeración: se usa dentro de una respuesta tipada, no como tarjeta de un nodo.
g307;D;letra_dactilologica;;;;mecanismo de interfaz, sin entrada léxica;verboAccion;accion;consultas|denuncias|tramites;campo contexts del catálogo;False;;;0;letra_dactilologica;baked;;Mecanismo de deletreo o numeración: se usa dentro de una respuesta tipada, no como tarjeta de un nodo.
g308;E;letra_dactilologica;;;;mecanismo de interfaz, sin entrada léxica;verboAccion;accion;consultas|denuncias|tramites;campo contexts del catálogo;False;;;0;letra_dactilologica;baked;;Mecanismo de deletreo o numeración: se usa dentro de una respuesta tipada, no como tarjeta de un nodo.
g309;F;letra_dactilologica;;;;mecanismo de interfaz, sin entrada léxica;verboAccion;accion;consultas|denuncias|tramites;campo contexts del catálogo;False;;;0;letra_dactilologica;baked;;Mecanismo de deletreo o numeración: se usa dentro de una respuesta tipada, no como tarjeta de un nodo.
g310;G;letra_dactilologica;;;;mecanismo de interfaz, sin entrada léxica;verboAccion;accion;consultas|denuncias|tramites;campo contexts del catálogo;False;;;0;letra_dactilologica;baked;;Mecanismo de deletreo o numeración: se usa dentro de una respuesta tipada, no como tarjeta de un nodo.
g311;H;letra_dactilologica;;;;mecanismo de interfaz, sin entrada léxica;verboAccion;accion;consultas|denuncias|tramites;campo contexts del catálogo;False;;;0;letra_dactilologica;baked;;Mecanismo de deletreo o numeración: se usa dentro de una respuesta tipada, no como tarjeta de un nodo.
g312;I;letra_dactilologica;;;;mecanismo de interfaz, sin entrada léxica;verboAccion;accion;consultas|denuncias|tramites;campo contexts del catálogo;False;;;0;letra_dactilologica;placeholder;;Mecanismo de deletreo o numeración: se usa dentro de una respuesta tipada, no como tarjeta de un nodo.
g313;J;letra_dactilologica;;;;mecanismo de interfaz, sin entrada léxica;verboAccion;accion;consultas|denuncias|tramites;campo contexts del catálogo;False;;;0;letra_dactilologica;baked;;Mecanismo de deletreo o numeración: se usa dentro de una respuesta tipada, no como tarjeta de un nodo.
g314;K;letra_dactilologica;;;;mecanismo de interfaz, sin entrada léxica;verboAccion;accion;consultas|denuncias|tramites;campo contexts del catálogo;False;;;0;letra_dactilologica;placeholder;;Mecanismo de deletreo o numeración: se usa dentro de una respuesta tipada, no como tarjeta de un nodo.
g315;L;letra_dactilologica;;;;mecanismo de interfaz, sin entrada léxica;verboAccion;accion;consultas|denuncias|tramites;campo contexts del catálogo;False;;;0;letra_dactilologica;baked;;Mecanismo de deletreo o numeración: se usa dentro de una respuesta tipada, no como tarjeta de un nodo.
g316;M;letra_dactilologica;;;;mecanismo de interfaz, sin entrada léxica;verboAccion;accion;consultas|denuncias|tramites;campo contexts del catálogo;False;;;0;letra_dactilologica;baked;;Mecanismo de deletreo o numeración: se usa dentro de una respuesta tipada, no como tarjeta de un nodo.
g317;N;letra_dactilologica;;;;mecanismo de interfaz, sin entrada léxica;verboAccion;accion;consultas|denuncias|tramites;campo contexts del catálogo;False;;;0;letra_dactilologica;baked;;Mecanismo de deletreo o numeración: se usa dentro de una respuesta tipada, no como tarjeta de un nodo.
g318;Ñ;letra_dactilologica;;;;mecanismo de interfaz, sin entrada léxica;verboAccion;accion;consultas|denuncias|tramites;campo contexts del catálogo;False;;;0;letra_dactilologica;baked;;Mecanismo de deletreo o numeración: se usa dentro de una respuesta tipada, no como tarjeta de un nodo.
g319;O;letra_dactilologica;;;;mecanismo de interfaz, sin entrada léxica;verboAccion;accion;consultas|denuncias|tramites;campo contexts del catálogo;False;;;0;letra_dactilologica;baked;;Mecanismo de deletreo o numeración: se usa dentro de una respuesta tipada, no como tarjeta de un nodo.
g320;P;letra_dactilologica;;;;mecanismo de interfaz, sin entrada léxica;verboAccion;accion;consultas|denuncias|tramites;campo contexts del catálogo;False;;;0;letra_dactilologica;baked;;Mecanismo de deletreo o numeración: se usa dentro de una respuesta tipada, no como tarjeta de un nodo.
g321;Q;letra_dactilologica;;;;mecanismo de interfaz, sin entrada léxica;verboAccion;accion;consultas|denuncias|tramites;campo contexts del catálogo;False;;;0;letra_dactilologica;baked;;Mecanismo de deletreo o numeración: se usa dentro de una respuesta tipada, no como tarjeta de un nodo.
g322;R;letra_dactilologica;;;;mecanismo de interfaz, sin entrada léxica;verboAccion;accion;consultas|denuncias|tramites;campo contexts del catálogo;False;;;0;letra_dactilologica;baked;;Mecanismo de deletreo o numeración: se usa dentro de una respuesta tipada, no como tarjeta de un nodo.
g323;S;letra_dactilologica;;;;mecanismo de interfaz, sin entrada léxica;verboAccion;accion;consultas|denuncias|tramites;campo contexts del catálogo;False;;;0;letra_dactilologica;baked;;Mecanismo de deletreo o numeración: se usa dentro de una respuesta tipada, no como tarjeta de un nodo.
g324;T;letra_dactilologica;;;;mecanismo de interfaz, sin entrada léxica;verboAccion;accion;consultas|denuncias|tramites;campo contexts del catálogo;False;;;0;letra_dactilologica;baked;;Mecanismo de deletreo o numeración: se usa dentro de una respuesta tipada, no como tarjeta de un nodo.
g325;U;letra_dactilologica;;;;mecanismo de interfaz, sin entrada léxica;verboAccion;accion;consultas|denuncias|tramites;campo contexts del catálogo;False;;;0;letra_dactilologica;baked;;Mecanismo de deletreo o numeración: se usa dentro de una respuesta tipada, no como tarjeta de un nodo.
g326;V;letra_dactilologica;;;;mecanismo de interfaz, sin entrada léxica;verboAccion;accion;consultas|denuncias|tramites;campo contexts del catálogo;False;;;0;letra_dactilologica;baked;;Mecanismo de deletreo o numeración: se usa dentro de una respuesta tipada, no como tarjeta de un nodo.
g327;W;letra_dactilologica;;;;mecanismo de interfaz, sin entrada léxica;verboAccion;accion;consultas|denuncias|tramites;campo contexts del catálogo;False;;;0;letra_dactilologica;baked;;Mecanismo de deletreo o numeración: se usa dentro de una respuesta tipada, no como tarjeta de un nodo.
g328;X;letra_dactilologica;;;;mecanismo de interfaz, sin entrada léxica;verboAccion;accion;consultas|denuncias|tramites;campo contexts del catálogo;False;;;0;letra_dactilologica;baked;;Mecanismo de deletreo o numeración: se usa dentro de una respuesta tipada, no como tarjeta de un nodo.
g329;Y;letra_dactilologica;;;;mecanismo de interfaz, sin entrada léxica;verboAccion;accion;consultas|denuncias|tramites;campo contexts del catálogo;False;;;0;letra_dactilologica;baked;;Mecanismo de deletreo o numeración: se usa dentro de una respuesta tipada, no como tarjeta de un nodo.
g330;Z;letra_dactilologica;;;;mecanismo de interfaz, sin entrada léxica;verboAccion;accion;consultas|denuncias|tramites;campo contexts del catálogo;False;;;0;letra_dactilologica;baked;;Mecanismo de deletreo o numeración: se usa dentro de una respuesta tipada, no como tarjeta de un nodo.
g331;0;digito;;;;mecanismo de interfaz, sin entrada léxica;verboAccion;accion;consultas|denuncias|tramites;campo contexts del catálogo;False;;;0;digito;placeholder;;Mecanismo de deletreo o numeración: se usa dentro de una respuesta tipada, no como tarjeta de un nodo.
g332;1;digito;;;;mecanismo de interfaz, sin entrada léxica;verboAccion;accion;consultas|denuncias|tramites;campo contexts del catálogo;False;;;0;digito;placeholder;;Mecanismo de deletreo o numeración: se usa dentro de una respuesta tipada, no como tarjeta de un nodo.
g333;2;digito;;;;mecanismo de interfaz, sin entrada léxica;verboAccion;accion;consultas|denuncias|tramites;campo contexts del catálogo;False;;;0;digito;placeholder;;Mecanismo de deletreo o numeración: se usa dentro de una respuesta tipada, no como tarjeta de un nodo.
g334;3;digito;;;;mecanismo de interfaz, sin entrada léxica;verboAccion;accion;consultas|denuncias|tramites;campo contexts del catálogo;False;;;0;digito;placeholder;;Mecanismo de deletreo o numeración: se usa dentro de una respuesta tipada, no como tarjeta de un nodo.
g335;4;digito;;;;mecanismo de interfaz, sin entrada léxica;verboAccion;accion;consultas|denuncias|tramites;campo contexts del catálogo;False;;;0;digito;placeholder;;Mecanismo de deletreo o numeración: se usa dentro de una respuesta tipada, no como tarjeta de un nodo.
g336;5;digito;;;;mecanismo de interfaz, sin entrada léxica;verboAccion;accion;consultas|denuncias|tramites;campo contexts del catálogo;False;;;0;digito;placeholder;;Mecanismo de deletreo o numeración: se usa dentro de una respuesta tipada, no como tarjeta de un nodo.
g337;6;digito;;;;mecanismo de interfaz, sin entrada léxica;verboAccion;accion;consultas|denuncias|tramites;campo contexts del catálogo;False;;;0;digito;placeholder;;Mecanismo de deletreo o numeración: se usa dentro de una respuesta tipada, no como tarjeta de un nodo.
g338;7;digito;;;;mecanismo de interfaz, sin entrada léxica;verboAccion;accion;consultas|denuncias|tramites;campo contexts del catálogo;False;;;0;digito;placeholder;;Mecanismo de deletreo o numeración: se usa dentro de una respuesta tipada, no como tarjeta de un nodo.
g339;8;digito;;;;mecanismo de interfaz, sin entrada léxica;verboAccion;accion;consultas|denuncias|tramites;campo contexts del catálogo;False;;;0;digito;placeholder;;Mecanismo de deletreo o numeración: se usa dentro de una respuesta tipada, no como tarjeta de un nodo.
g340;9;digito;;;;mecanismo de interfaz, sin entrada léxica;verboAccion;accion;consultas|denuncias|tramites;campo contexts del catálogo;False;;;0;digito;placeholder;;Mecanismo de deletreo o numeración: se usa dentro de una respuesta tipada, no como tarjeta de un nodo.
g341;SEPDAVI;institucion_dactilologica;;;;mecanismo de interfaz, sin entrada léxica;institucion;institucion;consultas|denuncias|tramites;campo contexts del catálogo;False;;;0;dactilologia;spelled;;Nombre institucional por dactilología: se ofrece en el campo institución, no en los nodos del banco 6/7/8.
g342;SEPDEP;institucion_dactilologica;;;;mecanismo de interfaz, sin entrada léxica;institucion;institucion;consultas|denuncias|tramites;campo contexts del catálogo;False;;;0;dactilologia;spelled;;Nombre institucional por dactilología: se ofrece en el campo institución, no en los nodos del banco 6/7/8.
g343;FELCC;institucion_dactilologica;;;;mecanismo de interfaz, sin entrada léxica;institucion;institucion;consultas|denuncias|tramites;campo contexts del catálogo;False;;;0;dactilologia;spelled;;Nombre institucional por dactilología: se ofrece en el campo institución, no en los nodos del banco 6/7/8.
g344;FELCV;institucion_dactilologica;;;;mecanismo de interfaz, sin entrada léxica;institucion;institucion;consultas|denuncias|tramites;campo contexts del catálogo;False;;;0;dactilologia;spelled;;Nombre institucional por dactilología: se ofrece en el campo institución, no en los nodos del banco 6/7/8.
g345;FISCALIA;institucion_dactilologica;;;;mecanismo de interfaz, sin entrada léxica;institucion;institucion;consultas|denuncias|tramites;campo contexts del catálogo;False;;;0;dactilologia;spelled;;Nombre institucional por dactilología: se ofrece en el campo institución, no en los nodos del banco 6/7/8.
g346;JUZGADO;institucion_dactilologica;;;;mecanismo de interfaz, sin entrada léxica;institucion;institucion;consultas|denuncias|tramites;campo contexts del catálogo;False;;;0;dactilologia;spelled;;Nombre institucional por dactilología: se ofrece en el campo institución, no en los nodos del banco 6/7/8.
